CNTR_ID,region,ref_class,A_frame_country_ha,pi_post_mean,pi_post_median,pi_ci_lo,pi_ci_hi,A_post_mean_ha,A_post_median_ha,A_ci_lo,A_ci_hi,kappa_global,alpha0,n_eff_country
AD,Western,0,26530.48,0.8480037671186503,0.8558780090480105,0.6951567303728134,0.9536119146224689,22497.946983466012,22706.85440148806,18442.84173202132,25299.78182865312,25.931647861794808,0.5,1.0
AD,Western,1,26530.48,0.004569671929064169,8.429030647396458e-05,2.9350154982800656e-15,0.04219847877037915,121.23558972059836,2.2362622901013878,7.786736997680932e-11,1119.5458970479685,25.931647861794808,0.5,1.0
AD,Western,2,26530.48,0.07918926238738594,0.06918166067638182,0.011268887492740801,0.20701117384342124,2100.929141983295,1835.4226649415345,298.96899424841,5492.105807429411,25.931647861794808,0.5,1.0
AD,Western,3,26530.48,0.002845565426466073,2.9908011338501305e-06,1.4608661594204364e-22,0.028957012913550507,75.49421663554962,0.07934738966558821,3.87574804251807e-18,768.2434519626935,25.931647861794808,0.5,1.0
AD,Western,4,26530.48,0.0012626546778923345,2.904169014317278e-11,1.6065756828793717e-50,0.015071573687478378,33.49883467872902,7.704899795096426e-07,4.262322402311751e-46,399.85608428417135,25.931647861794808,0.5,1.0
AD,Western,5,26530.48,0.005236121313761047,0.00015264997946277245,6.992870210990197e-15,0.044755102983522234,138.91681179231117,4.049877227137495,1.8552420327527118e-10,1187.374364602277,25.931647861794808,0.5,1.0
AD,Western,6,26530.48,0.03737058932993963,0.026753158622124455,0.0010658964254119888,0.135906454544241,991.4596728061767,709.7741397611005,28.27874379646426,3605.6634741568946,25.931647861794808,0.5,1.0
AD,Western,7,26530.48,0.021522367816840488,0.011597674993334039,5.919394417565372e-05,0.09777341214633477,570.9987489173302,307.69188445714883,1.5704437520732974,2593.9755554800913,25.931647861794808,0.5,1.0
AL,SE_Europe,0,1818558.77,0.9480629702540009,0.9505923514714016,0.8989886291749727,0.9811810871944584,1724108.2290676627,1728708.0574632399,1634863.6557164243,1784335.471075617,25.931647861794808,0.5,85.0
AL,SE_Europe,1,1818558.77,0.0035537041570130328,0.0012355819320015308,3.90144963252943e-07,0.020201766361134608,6462.619860721507,2246.9783584949273,0.7095015444949673,36738.09938553233,25.931647861794808,0.5,85.0
AL,SE_Europe,2,1818558.77,6.601441294160197e-05,1.3410546777753086e-40,7.693227736361415e-210,0.0002663188701449955,120.05108960135173,2.4387867453178118e-34,1.39905867695673e-203,484.3165169186727,25.931647861794808,0.5,85.0
AL,SE_Europe,3,1818558.77,0.004741308057415465,0.0022613258781063773,6.168724714539494e-06,0.022341914048576744,8622.347349084555,4112.354007458303,11.218188429341545,40630.08373162544,25.931647861794808,0.5,85.0
AL,SE_Europe,4,1818558.77,0.0009263813384563708,4.946641002075379e-06,2.367123086850161e-19,0.00948124568615098,1684.6789074141711,8.995757376365768,4.304752449260832e-13,17242.202493074532,25.931647861794808,0.5,85.0
AL,SE_Europe,5,1818558.77,6.670322700403321e-05,1.2482133325028415e-44,4.379125059074672e-226,0.00012888929311078077,121.30373845548542,2.2699493026539686e-38,7.963696281107012e-220,234.39275434571096,25.931647861794808,0.5,85.0
AL,SE_Europe,6,1818558.77,0.010537628530775783,0.007712659888873144,0.00041594595862286336,0.036478670671399815,19163.29677964452,14025.925280937481,756.4221708996653,66338.60646741591,25.931647861794808,0.5,85.0
AL,SE_Europe,7,1818558.77,0.03204529002239282,0.029014374032044078,0.0079770026564465,0.07200616117213483,58276.24320741596,52764.34435203402,14506.64813919408,130947.43589361929,25.931647861794808,0.5,85.0
AT,Central,0,4518328.93,0.8183690869126216,0.819715040992203,0.7588919459465441,0.8701941650415044,3697660.720814982,3703742.1840712065,3428923.434114266,3931823.470624224,25.931647861794808,0.5,153.0
AT,Central,1,4518328.93,0.0067532757595062404,0.005010873636031557,0.00026781948694495553,0.022371615642589663,30513.521236444773,22640.775314255676,1210.0965358811497,101082.31816875341,25.931647861794808,0.5,153.0
AT,Central,2,4518328.93,0.000614717436154145,6.661122167947884e-06,1.0538049569274777e-17,0.005491002772186846,2777.4955755507012,30.097140997703242,4.761437423462826e-11,24810.15668028202,25.931647861794808,0.5,153.0
AT,Central,3,4518328.93,0.00018304669656651448,8.316761442746899e-13,8.391421532489473e-54,0.002100188907948889,827.065184637414,3.757786383067185e-06,3.7915202674072113e-47,9489.34430125057,25.931647861794808,0.5,153.0
AT,Central,4,4518328.93,3.806169929644753e-05,1.0928200220507496e-49,2.1436917507618668e-266,5.8050663313469216e-05,171.97527705609951,4.9377203209151394e-43,9.685904454469692e-260,262.29199145493766,25.931647861794808,0.5,153.0
AT,Central,5,4518328.93,3.695253690745529e-05,5.993915836087827e-42,1.1572041083774488e-201,7.810916658114201e-05,166.96371654584794,2.7082483326180763e-35,5.228628800796682e-195,352.92290706176306,25.931647861794808,0.5,153.0
AT,Central,6,4518328.93,0.15488334616915136,0.1538090092754239,0.10682447240600322,0.21120140273578386,699813.9037712812,694959.6963037862,482668.10410403105,954277.4080376732,25.931647861794808,0.5,153.0
AT,Central,7,4518328.93,0.01912151278979634,0.017404751116384745,0.004610209150453721,0.0434541872461242,86397.28442350178,78640.39048861098,20830.441377845767,196340.31136380002,25.931647861794808,0.5,153.0
BA,SE_Europe,0,2181704.63,0.9850678154521837,0.9884315131400894,0.951290298872204,0.999086418615909,2149127.0138360146,2156465.608655639,2075434.4495235712,2179711.4652644466,25.931647861794808,0.5,63.0
BA,SE_Europe,1,2181704.63,0.008427428440248769,0.005099302103933145,9.045743168233467e-05,0.03488558710661674,18386.159647084416,11125.171009919683,197.35139751925823,76110.04691077404,25.931647861794808,0.5,63.0
BA,SE_Europe,2,2181704.63,8.021505120831545e-05,1.3846691444212387e-40,9.735712704208159e-208,0.00016633210323661955,175.0055486168689,3.0209390834019546e-34,2.124044948312076e-201,362.8875197489709,25.931647861794808,0.5,63.0
BA,SE_Europe,3,2181704.63,0.0009697702592978064,1.415555304929867e-06,3.6718259641356273e-22,0.010526303252070938,2115.7522647463247,3.0883235627865524,8.010839706508913e-16,22965.28454182722,25.931647861794808,0.5,63.0
BA,SE_Europe,4,2181704.63,0.00042670988477252553,1.0609912213759371e-11,1.6388859547054987e-51,0.004706062032384627,930.9549312749854,2.3147694600652366e-05,3.575565075422957e-45,10267.237325120748,25.931647861794808,0.5,63.0
BA,SE_Europe,5,2181704.63,7.04752177291054e-05,6.230304990022003e-47,3.064016154859595e-230,7.559836536872592e-05,153.75610881984733,1.3592685243043106e-40,6.684778231451975e-224,164.93330374538098,25.931647861794808,0.5,63.0
BA,SE_Europe,6,2181704.63,0.0007164976354255825,2.7828106596458394e-07,2.422290818462127e-26,0.007595906679987843,1563.1862085920452,0.6071270900562682,5.2847230938453114e-20,16572.024772777408,25.931647861794808,0.5,63.0
BA,SE_Europe,7,2181704.63,0.0042410880591343516,0.001380625914842918,4.1666359788885954e-07,0.024519943079336134,9252.801454851127,3012.11795071078,0.909036900666583,53495.2733435241,25.931647861794808,0.5,63.0
BE,Western,0,2234881.35,0.9501457614043789,0.9529184691345903,0.9025881668434401,0.9821093616270146,2123463.0419441964,2129659.7147394465,2017177.4608090925,2194897.8959606206,25.931647861794808,0.5,82.0
BE,Western,1,2234881.35,0.012680142695956263,0.009881935040749114,0.0007799276797355089,0.03989444456436783,28338.614426531374,22084.952324481685,1743.0458257896619,89159.35012551455,25.931647861794808,0.5,82.0
BE,Western,2,2234881.35,0.019641334368490648,0.01684114055452058,0.002423712398074,0.05264347022113605,43896.05186925378,37637.950938026705,5416.709636219359,117651.90979649735,25.931647861794808,0.5,82.0
BE,Western,3,2234881.35,0.0009129277438513725,4.6970351298001505e-06,9.009900759475797e-19,0.008706405677593064,2040.2851886310093,10.497316211885185,2.0136059172703296e-12,19457.783674386854,25.931647861794808,0.5,82.0
BE,Western,4,2234881.35,0.00030818914907911125,4.1474892588751105e-12,1.42093053421502e-51,0.003393743405905367,688.7661815492754,9.269146393985307e-06,3.175611150562685e-45,7584.613844543384,25.931647861794808,0.5,82.0
BE,Western,5,2234881.35,0.001198358051486135,2.5613987966681894e-05,1.774401812390853e-14,0.010984107827151956,2678.1880598887033,57.24422400586178,3.965577517918517e-08,24548.177729290932,25.931647861794808,0.5,82.0
BE,Western,6,2234881.35,0.009239007259323742,0.006319788489557502,0.0002731889926816641,0.03420100958113938,20648.085016377245,14123.977431256732,610.5449847695377,76435.19846405971,25.931647861794808,0.5,82.0
BE,Western,7,2234881.35,0.0058742793274338565,0.003289754666140912,2.5235680962847408e-05,0.02565427481977798,13128.31731357247,7352.211349433801,56.39875273841771,57334.26034249642,25.931647861794808,0.5,82.0
BG,SE_Europe,0,6316558.6,0.9652377069401383,0.9671346042754846,0.9333270784846243,0.985971804042677,6096980.538817011,6108962.401993908,5895415.184214928,6227948.678183286,25.931647861794808,0.5,157.0
BG,SE_Europe,1,6316558.6,0.011278721365975039,0.009663796216902065,0.0015007114481842456,0.030798158689708838,71242.70444125337,61041.935102520205,9479.33180414665,194538.37413564508,25.931647861794808,0.5,157.0
BG,SE_Europe,2,6316558.6,3.819720579857926e-05,2.2654713413938708e-41,2.5550231942020766e-211,0.00011527731782763426,241.2748887829857,1.430998248453499e-34,1.6138953730536597e-204,728.1559333090765,25.931647861794808,0.5,157.0
BG,SE_Europe,3,6316558.6,0.00045440204305693987,6.083069264485611e-07,1.0328290941915361e-22,0.004686384457780667,2870.2571329288835,3.8424063476982258,6.523925497245757e-16,29601.822049700808,25.931647861794808,0.5,157.0
BG,SE_Europe,4,6316558.6,0.00033690046521033705,3.945220439849695e-08,2.9847794280925423e-30,0.0037225929213331255,2128.0515308683553,0.24920216098228373,1.8853534165621028e-23,23513.976331545873,25.931647861794808,0.5,157.0
BG,SE_Europe,5,6316558.6,3.514137883782036e-05,1.123407093131579e-46,1.6476996995289345e-230,7.021985719614344e-05,221.9725787138922,7.096066735421276e-40,1.0407791707276907e-223,443.5478428630717,25.931647861794808,0.5,157.0
BG,SE_Europe,6,6316558.6,0.0003655591904225724,1.1264062288373678e-07,1.3536279083390827e-26,0.003911878663177792,2309.0760480727376,0.7115010951856243,8.550270005619244e-20,24709.610812052182,25.931647861794808,0.5,157.0
BG,SE_Europe,7,6316558.6,0.022253371410560212,0.020278737400057235,0.0064948029347579525,0.04839022383723841,140564.72456236824,128091.83312147317,41024.803332850584,305659.68453503324,25.931647861794808,0.5,157.0
CH,Central,0,2737991.21,0.8265482829005603,0.8282351106046093,0.7470645143369612,0.8965817031790594,2263081.9332223265,2267700.452648798,2045456.0735575187,2454832.822351094,25.931647861794808,0.5,74.0
CH,Central,1,2737991.21,0.0063590961325816295,0.003543994004399246,2.277883085557807e-05,0.028199797310003678,17411.149314553495,9703.424432337837,62.368238656649545,77210.79715857172,25.931647861794808,0.5,74.0
CH,Central,2,2737991.21,0.00105130008601166,1.521568844471715e-05,2.2609376278521165e-17,0.009600543023668726,2878.450394572169,41.66042121573413,6.190427351417346e-11,26286.202410031798,25.931647861794808,0.5,74.0
CH,Central,3,2737991.21,0.00029512380909679423,8.268623454335451e-13,3.491374378564491e-54,0.003411284897689576,808.0463951687407,2.26394183367703e-06,9.559352359328788e-48,9340.068064679808,25.931647861794808,0.5,74.0
CH,Central,4,2737991.21,6.397815387041774e-05,1.2435478765734147e-51,3.756529893618875e-254,9.938935928615231e-05,175.17162292923126,3.404823155272174e-45,1.0285345828830714e-247,272.1271920930169,25.931647861794808,0.5,74.0
CH,Central,5,2737991.21,8.675995465932029e-05,1.3215095993398414e-40,3.949589725145949e-204,0.0003845900150016968,237.54799323721753,3.6182816669231073e-34,1.0813941950555923e-197,1053.0040805284139,25.931647861794808,0.5,74.0
CH,Central,6,2737991.21,0.12914798531076946,0.12722936774698065,0.07021296252134952,0.20163157821209865,353606.04857009585,348352.89054509054,192242.4742115144,552065.4888031536,25.931647861794808,0.5,74.0
CH,Central,7,2737991.21,0.03644747365245059,0.03359059878586983,0.009392408431954921,0.0800015419139165,99792.8624871163,91970.76421434825,25716.331727422457,219043.51854674993,25.931647861794808,0.5,74.0
CY,SE_Europe,0,724737.2,0.9773297960763815,0.9844317927444164,0.9155231356062719,0.9994867462150404,708307.2598849677,713454.3410645686,663513.6738345098,724365.225888999,25.931647861794808,0.5,16.0
CY,SE_Europe,1,724737.2,0.009147888968108836,0.003001903194064903,1.901721168000882e-06,0.05314381299346751,6629.815436658087,2175.590915537654,1.3782480744776888,38515.298226209256,25.931647861794808,0.5,16.0
CY,SE_Europe,2,724737.2,0.00019971723977983385,1.6878694742630247e-41,2.1245936697109638e-204,0.0007704208665910584,144.7425131497654,1.2232617967428565e-35,1.5397720673240485e-198,558.3526616747772,25.931647861794808,0.5,16.0
CY,SE_Europe,3,724737.2,0.0019824308863721123,2.6288251597289587e-06,4.1453851584758193e-23,0.021362373256625516,1436.741409782843,1.9052073855515181,3.0043148326753214e-17,15482.106579361658,25.931647861794808,0.5,16.0
CY,SE_Europe,4,724737.2,0.0008062415309280595,1.4461059923360445e-11,9.699746785367931e-51,0.009515062976195034,584.3132296485152,1.0480468077888462e-05,7.029767325936555e-45,6895.920099191256,25.931647861794808,0.5,16.0
CY,SE_Europe,5,724737.2,0.0002035041296223487,5.435413764113369e-45,2.6111498828799414e-228,0.00044962646368268075,147.48701309093806,3.9392465522449836e-39,1.8923974548987366e-222,325.8610243352877,25.931647861794808,0.5,16.0
CY,SE_Europe,6,724737.2,0.0016171649372949915,7.044535341502972e-07,2.9211006987815284e-25,0.016944035678455423,1172.0195885933476,0.5105436818701907,2.117030341352968e-19,12279.972974303884,25.931647861794808,0.5,16.0
CY,SE_Europe,7,724737.2,0.008713256231512301,0.002940288551186823,7.319696400464636e-07,0.05009717729809743,6314.820924108776,2130.9364917791945,0.5304856274122819,36307.28800292669,25.931647861794808,0.5,16.0
CZ,Central,0,4812334.99,0.9394162030137341,0.9408801795825912,0.8970495526668592,0.9712321495010251,4520785.463935936,4527830.609602788,4316902.950062575,4673894.456456695,25.931647861794808,0.5,132.0
CZ,Central,1,4812334.99,0.007648649782509171,0.0055230181834281175,0.0003318472734375688,0.026421087385833947,36807.864974624776,26578.61365451737,1596.9602452997099,127147.12330069634,25.931647861794808,0.5,132.0
CZ,Central,2,4812334.99,0.014035026345985812,0.012129570123604374,0.0019142672729549515,0.036964353326332786,67541.24837035938,58371.55471947996,9212.095377852995,177884.85089503418,25.931647861794808,0.5,132.0
CZ,Central,3,4812334.99,0.0001694048398607729,3.787567346051391e-13,1.7595964359581075e-55,0.0019970145239622075,815.2328383373443,1.822704286638455e-06,8.467767497040496e-49,9610.302869201525,25.931647861794808,0.5,132.0
CZ,Central,4,4812334.99,3.0125974918411636e-05,5.822687771600095e-49,1.3199675778059531e-244,5.8105384925462856e-05,144.97628320773475,2.8020724099116266e-42,6.352126160341135e-238,279.6225769842235,25.931647861794808,0.5,132.0
CZ,Central,5,4812334.99,4.3434990806500096e-05,3.169034712149249e-42,2.1230617338254672e-203,0.00012022190627541834,209.02372604844876,1.5250456629800407e-35,1.0216884267618363e-196,578.5480861336963,25.931647861794808,0.5,132.0
CZ,Central,6,4812334.99,0.005326804444952164,0.0034341700644470816,7.219904357964378e-05,0.021381138718526472,25634.36741533083,16526.37676274925,347.4459836628546,102893.2019812087,25.931647861794808,0.5,132.0
CZ,Central,7,4812334.99,0.03333035060723313,0.03136545479722069,0.011600411323968761,0.06709593020953569,160396.81245615575,150941.0755979285,55825.0653127271,322888.0926339467,25.931647861794808,0.5,132.0
DE,Central,0,23887969.16,0.9390587096030054,0.939680915629443,0.9191667889501052,0.9560787180668343,22432205.49442599,22447068.7327967,21957027.907336343,22838778.93171287,25.931647861794808,0.5,623.0000000000001
DE,Central,1,23887969.16,0.00950093370483574,0.008991847503214412,0.0036040115216256882,0.018294715312540427,226958.0113323207,214796.97584820885,86092.51608087911,437023.5951769455,25.931647861794808,0.5,623.0000000000001
DE,Central,2,23887969.16,0.008089739731606716,0.007585160836645738,0.002676148476318622,0.01641784429528873,193247.45322104794,181194.08813943318,63927.75226988023,392188.9581995391,25.931647861794808,0.5,623.0000000000001
DE,Central,3,23887969.16,0.001613371678238229,0.0011216121265399935,4.9657577591304045e-05,0.0058526295336355436,38540.17289337226,26793.035888269376,1186.218682061378,139807.43380439104,25.931647861794808,0.5,623.0000000000001
DE,Central,4,23887969.16,1.023432964658466e-05,2.810337545613831e-51,3.885514141759239e-247,3.237437345024708e-05,244.47735097088804,6.71332566188133e-44,9.281704198908856e-240,773.358034553825,25.931647861794808,0.5,623.0000000000001
DE,Central,5,23887969.16,0.00022441052065392633,6.46116418641218e-06,4.827044049868173e-16,0.0019462988420101024,5360.711596560535,154.34409082271065,1.1530827939721242e-08,46493.126714081045,25.931647861794808,0.5,623.0000000000001
DE,Central,6,23887969.16,0.009067855693433973,0.008539317200622502,0.003291488328261045,0.017753420789790107,216612.6571520811,203986.94593592786,78626.9716759998,424093.1683110089,25.931647861794808,0.5,623.0000000000001
DE,Central,7,23887969.16,0.0324347447385794,0.031999708901107524,0.020544421996746956,0.04745601371646051,774800.182027657,764408.059358634,490764.5190683169,1133627.7921153456,25.931647861794808,0.5,623.0000000000001
DK,Boreal,0,3953507.83,0.6983321882787391,0.6991697149887033,0.6188349679713817,0.7702104462134511,2760861.774301029,2764172.942706707,2446568.891352657,3045033.029852673,25.931647861794808,0.5,115.00000000000003
DK,Boreal,1,3953507.83,0.061626828587450055,0.059569043784296456,0.0281339656547543,0.10606459764053121,243642.14935855166,235506.68102682888,111227.85350502221,419327.2172576396,25.931647861794808,0.5,115.00000000000003
DK,Boreal,2,3953507.83,0.06117359695682436,0.05871525471972126,0.027209283863581235,0.10657110811575216,241850.2945580693,232131.2192748625,107572.11680336106,421329.7103874027,25.931647861794808,0.5,115.00000000000003
DK,Boreal,3,3953507.83,0.04308939672588553,0.041145652912848295,0.015509639154462719,0.08285250346520048,170354.2673457648,162669.66096140805,61317.47983764294,327558.02118477225,25.931647861794808,0.5,115.00000000000003
DK,Boreal,4,3953507.83,3.5533117239474144e-05,7.857517880071932e-70,0.0,1.7458681635534788e-05,140.48045723056902,3.1064758463229386e-63,0.0,69.02303454756398,25.931647861794808,0.5,115.00000000000003
DK,Boreal,5,3953507.83,0.00437688579841174,0.002370244014894102,1.2632165949891016e-05,0.019525962386343878,17304.052275036614,9370.778271894469,49.941366992753515,77196.04518269602,25.931647861794808,0.5,115.00000000000003
DK,Boreal,6,3953507.83,0.044172694247609966,0.04209139238477193,0.01723181943318696,0.08422382388251504,174637.09258012197,166408.6493687982,68126.13305425082,332979.5471920642,25.931647861794808,0.5,115.00000000000003
DK,Boreal,7,3953507.83,0.08719287628783984,0.08542970547161989,0.04642836406800149,0.13877633235215556,344717.71912419616,337747.0094966431,183554.90087693455,548653.3165729293,25.931647861794808,0.5,115.00000000000003
EE,Boreal,0,2255916.74,0.7835452821287459,0.7850820573671955,0.7115489601969408,0.8486365164304757,1767612.9185022607,1771079.755488297,1605195.2106378728,1914453.3235907955,25.931647861794808,0.5,112.0
EE,Boreal,1,2255916.74,0.03658810991782802,0.034325926120541764,0.012170549693472237,0.07285470811831504,82539.72964858827,77436.43135133342,27455.746788505894,164354.15563192082,25.931647861794808,0.5,112.0
EE,Boreal,2,2255916.74,0.07948761566715971,0.07719433255544077,0.04044715204771829,0.13079790741007288,179317.44280623185,174143.98704494582,91245.40738977297,295069.1888833535,25.931647861794808,0.5,112.0
EE,Boreal,3,2255916.74,0.0013554562095665001,0.00011392624183984766,1.746897434133304e-11,0.010208993508853114,3057.796353498016,257.00811609180073,3.9408551647243686e-05,23030.63935517308,25.931647861794808,0.5,112.0
EE,Boreal,4,2255916.74,3.948139893586174e-05,1.204780791437184e-70,0.0,2.625649991918971e-05,89.06674877802867,2.7178851554335923e-64,0.0,59.23247770150872,25.931647861794808,0.5,112.0
EE,Boreal,5,2255916.74,0.000926764580970892,1.620449659887557e-05,7.712265286193942e-16,0.008567230956917537,2090.7037322513206,36.55599514067647,1.7398228362445807e-09,19326.959731156494,25.931647861794808,0.5,112.0
EE,Boreal,6,2255916.74,0.03683649711957831,0.03449518930148537,0.012142415128498759,0.07452081311076379,83100.07049501849,77818.27499468975,27392.277552409607,168112.74977498353,25.931647861794808,0.5,112.0
EE,Boreal,7,2255916.74,0.06122079297721487,0.058947596033717395,0.02768315988489441,0.10543639131450365,138109.01171337345,132980.8686752207,62450.903800429776,237855.72017157942,25.931647861794808,0.5,112.0
EL,SE_Europe,0,8678969.14,0.9582469184720603,0.9593284426459263,0.930578650942941,0.9794167080125348,8316595.433919107,8325981.948848255,8076463.393876617,8500327.38404118,25.931647861794808,0.5,216.99999999999997
EL,SE_Europe,1,8678969.14,0.0034604302189996787,0.0022454115103796093,5.9902456399311224e-05,0.013423834079249861,30032.967081821655,19487.85720518542,519.8915704998176,116505.04171428985,25.931647861794808,0.5,216.99999999999997
EL,SE_Europe,2,8678969.14,3.1101151370587464e-05,1.6345003528269034e-41,2.0364496113430267e-207,7.817690365110742e-05,269.9259329637974,1.4185778121503808e-34,1.7674283332011125e-200,678.4949342487147,25.931647861794808,0.5,216.99999999999997
EL,SE_Europe,3,8678969.14,0.005864558831343313,0.004529888294542657,0.0003889112232978194,0.018907698544553472,50898.32511694309,39314.76071598296,3375.348505201424,164099.3321766025,25.931647861794808,0.5,216.99999999999997
EL,SE_Europe,4,8678969.14,0.006336677358802333,0.005073072387562489,0.00046213201599085515,0.019659258648698105,54995.82724718217,44029.03869664096,4010.829505390619,170622.09912732898,25.931647861794808,0.5,216.99999999999997
EL,SE_Europe,5,8678969.14,2.6719261650429705e-05,2.2413419914913423e-48,7.207554442825855e-231,5.3071535102545926e-05,231.8956473076649,1.9452537976339502e-41,6.25541425841555e-224,460.6062153674228,25.931647861794808,0.5,216.99999999999997
EL,SE_Europe,6,8678969.14,0.013928279117286382,0.012775545174699057,0.003374308842497096,0.03171811366545883,120883.10463223497,110878.56231788904,29285.522312861416,275280.5296815295,25.931647861794808,0.5,216.99999999999997
EL,SE_Europe,7,8678969.14,0.012105315588486931,0.0108110991340226,0.002465902024226773,0.02871552181196973,105061.66042243902,93829.19575366288,21401.487570527697,249221.1276450822,25.931647861794808,0.5,216.99999999999997
ES,SW_Europe,0,34281413.76,0.9395999539994997,0.939827656304529,0.9265986845036728,0.9515463091123955,32210814.791933812,32218620.748866633,31765112.892942104,32620352.734482884,25.931647861794808,0.5,1342.0000000000002
ES,SW_Europe,1,34281413.76,0.0015563304340050685,0.0013133359674303525,0.00021339091635894826,0.004201052508258113,53353.20755540812,45023.01370536979,7315.3422963266585,144018.01926308218,25.931647861794808,0.5,1342.0000000000002
ES,SW_Europe,2,34281413.76,4.165109085515287e-06,2.6719419466909444e-52,4.054932288095294e-266,4.473442100880573e-06,142.78582791608477,9.159794741721212e-45,1.3900881153697828e-258,153.35591959169057,25.931647861794808,0.5,1342.0000000000002
ES,SW_Europe,3,34281413.76,0.0006093777686264799,0.00040811791181323304,8.287705966821247e-06,0.002272216944364931,20890.331422429903,13990.858997736634,284.11427736981994,77894.80922225708,25.931647861794808,0.5,1342.0000000000002
ES,SW_Europe,4,34281413.76,0.0015941579919380082,0.0013729132256526631,0.00023804475994257322,0.0042596309978546005,54649.989720437596,47065.40634517519,8160.510908991226,146026.17270237525,25.931647861794808,0.5,1342.0000000000002
ES,SW_Europe,5,34281413.76,0.00014492880079494149,1.0451137528924762e-05,8.727737687248356e-13,0.0011748658523091848,4968.364185792005,358.27976989173374,2.9919918684530636e-05,40276.06239550621,25.931647861794808,0.5,1342.0000000000002
ES,SW_Europe,6,34281413.76,0.051682871998346876,0.05151850565623771,0.04075068729171303,0.06400802791382876,1771761.9192804473,1766127.208698385,1396991.172051588,2194285.6888755932,25.931647861794808,0.5,1342.0000000000002
ES,SW_Europe,7,34281413.76,0.004808213897703427,0.004568663298601348,0.001878996291999641,0.009067465569563483,164832.3700737535,156620.23686947924,64414.64933954547,310845.5389447598,25.931647861794808,0.5,1342.0000000000002
FI,Boreal,0,13342311.4,0.5515348804895674,0.5516571109665606,0.5161336804077722,0.5868506949379232,7358750.123453594,7360380.960540206,6886416.288028576,7829944.717168175,25.931647861794808,0.5,704.0
FI,Boreal,1,13342311.4,0.015693298045686258,0.015297221177198485,0.008008497287971273,0.025809441393049085,209384.86941855747,204100.28850085678,106851.86466216821,344357.6041261107,25.931647861794808,0.5,704.0
FI,Boreal,2,13342311.4,0.09102513109416839,0.09062084064656575,0.07177519176951708,0.11220875117306053,1214485.6442842174,1209091.4752362575,957646.9593836139,1497124.099956089,25.931647861794808,0.5,704.0
FI,Boreal,3,13342311.4,0.01731356745374416,0.016847918305646387,0.00905864641218415,0.028050797991995127,231003.00841275963,224790.17247569445,120863.2812938537,374262.4818276937,25.931647861794808,0.5,704.0
FI,Boreal,4,13342311.4,6.606666774336353e-06,6.530661125930177e-72,0.0,2.7508019715714085e-06,88.14820541922914,8.713411439003503e-65,0.0,36.702056504439675,25.931647861794808,0.5,704.0
FI,Boreal,5,13342311.4,0.005131062316503441,0.004700670899239352,0.0013258478179394991,0.011364348992435727,68460.23123959427,62717.81492656945,17689.874455959303,151626.6831153537,25.931647861794808,0.5,704.0
FI,Boreal,6,13342311.4,0.02313322193159157,0.022777798054548205,0.013317856928768758,0.035317187359628625,308650.6506966042,303908.4746500964,177690.9943242804,471212.91152430896,25.931647861794808,0.5,704.0
FI,Boreal,7,13342311.4,0.2961622320019644,0.2959816547181305,0.2632727065420586,0.32962365340092076,3951488.7242892548,3949079.4059365764,3512666.4338049632,4397941.428480754,25.931647861794808,0.5,704.0
FR,Western,0,37459417.08,0.9479755674582949,0.9482519475278992,0.9340729053593724,0.960429595098934,35510612.16306995,35520965.19936985,34989826.544984095,35977132.77878649,25.931647861794808,0.5,1097.0
FR,Western,1,37459417.08,0.002070870861977966,0.0017957056676936767,0.00029556127406315375,0.005461769831025328,77573.61533765172,67266.08755905731,11071.553037827862,204594.71409533892,25.931647861794808,0.5,1097.0
FR,Western,2,37459417.08,0.0018812741492043046,0.0015925240396130918,0.0002457279176313703,0.005121783441274966,70471.43299686618,59655.02220979324,9204.824554753384,191859.02212015662,25.931647861794808,0.5,1097.0
FR,Western,3,37459417.08,0.0031079082534708944,0.0028163223942572935,0.0007819334491570624,0.007123994928621152,116420.43151314059,105497.79519822815,29290.771200777377,266860.69730702456,25.931647861794808,0.5,1097.0
FR,Western,4,37459417.08,0.0019415712920996255,0.001637694444871922,0.0002800498792306106,0.005260460380326125,72730.12882131439,61347.07926005639,10490.505229303071,197053.77941945172,25.931647861794808,0.5,1097.0
FR,Western,5,37459417.08,0.0010505256123371557,0.0007838574275276554,4.865726756540237e-05,0.0036088854722670727,39352.0770657599,29362.842309014315,1822.6728797055634,135186.74609960505,25.931647861794808,0.5,1097.0
FR,Western,6,37459417.08,0.025499288384864913,0.025220558694834944,0.016966745591038987,0.035769981696559164,955188.4788518541,944747.4271404427,635564.3995849806,1339922.6633153756,25.931647861794808,0.5,1097.0
FR,Western,7,37459417.08,0.01647299398775005,0.016222929763602463,0.009791901489469687,0.02475446418453807,617068.7523434614,607701.4922743305,366798.9219003182,927287.7984805335,25.931647861794808,0.5,1097.0
HR,SE_Europe,0,3259696.22,0.9047408706891656,0.9071756373862114,0.8407256625974704,0.9549699654116671,2949180.396264982,2957116.9960639244,2740510.26442597,3112911.986465942,25.931647861794808,0.5,77.99999999999999
HR,SE_Europe,1,3259696.22,0.023123756576078652,0.020158652949845278,0.0036907935902270447,0.05838629799220336,75376.42190324374,65711.0848209025,12030.865914863327,190321.59486497886,25.931647861794808,0.5,77.99999999999999
HR,SE_Europe,2,3259696.22,7.318345207061145e-05,1.7259365300476695e-40,1.5003149435271482e-192,0.0002592427682017806,238.5558220811233,5.626028782956305e-34,4.890570950224958e-186,845.0526715696805,25.931647861794808,0.5,77.99999999999999
HR,SE_Europe,3,3259696.22,0.0014304003348412,5.852584011304521e-05,1.1055157235414954e-13,0.012181863221945378,4662.670564568594,190.77645978881785,3.6036454251787773e-07,39709.173497132375,25.931647861794808,0.5,77.99999999999999
HR,SE_Europe,4,3259696.22,0.0008496216858636185,1.1900876308865988e-06,3.6404687259942026e-22,0.00847636529535855,2769.5085978396646,3.8793241518698016,1.1866822145151519e-15,27630.37591261945,25.931647861794808,0.5,77.99999999999999
HR,SE_Europe,5,3259696.22,5.7714981454062e-05,9.554055525312373e-46,5.629961026210071e-231,0.00011046811149615622,188.13330688317603,3.114331868153086e-39,1.8351962675884294e-224,360.092485474559,25.931647861794808,0.5,77.99999999999999
HR,SE_Europe,6,3259696.22,0.0006868630116153773,1.98133965641805e-07,5.347204555737991e-28,0.007266598029312033,2238.9647626204614,0.6458565388562016,1.743026247790591e-21,23686.90212840788,25.931647861794808,0.5,77.99999999999999
HR,SE_Europe,7,3259696.22,0.069037589268911,0.06654883903404159,0.028318056238932496,0.1237693590928557,225041.56877778177,216928.99904465384,92308.26087979568,403450.51198680437,25.931647861794808,0.5,77.99999999999999
HU,Central,0,6962985.54,0.9065724827774527,0.9079095058321445,0.8633163405267537,0.9420971634525569,6312451.088541303,6321760.760737768,6011259.195533501,6559808.92639517,25.931647861794808,0.5,177.0
HU,Central,1,6962985.54,0.05482452104198412,0.05326243301667945,0.028328357221631593,0.09001168877478509,381742.3472527612,370865.5509203576,197249.94170617536,626750.0873698089,25.931647861794808,0.5,177.0
HU,Central,2,6962985.54,0.0005721706327478865,7.086219994089142e-06,6.0602336677083334e-18,0.005486486842293263,3984.015842236185,49.34124735210158,4.219731939727429e-11,38202.32854828825,25.931647861794808,0.5,177.0
HU,Central,3,6962985.54,0.00013742639487963578,5.328248986339722e-13,1.7360704418210825e-57,0.0014494027449199357,956.8980003612339,3.710052064540314e-06,1.208823338282161e-50,10092.17035451382,25.931647861794808,0.5,177.0
HU,Central,4,6962985.54,2.9049982635238168e-05,1.7832073310837638e-51,1.2707698064456876e-255,8.278765566699562e-05,202.27460902641448,1.2416446861158242e-44,8.848351786949922e-249,576.4492492997896,25.931647861794808,0.5,177.0
HU,Central,5,6962985.54,3.197090930085672e-05,2.583552720066272e-40,4.122765217418468e-194,0.00013059402860139864,222.6129791625168,1.798924023164912e-33,2.8706754593699754e-187,909.3243327618851,25.931647861794808,0.5,177.0
HU,Central,6,6962985.54,0.004148405123479442,0.0027603160432043226,5.5726196144705385e-05,0.01599110109447758,28885.28488884927,19220.04069466171,388.02069795478735,111345.80568952554,25.931647861794808,0.5,177.0
HU,Central,7,6962985.54,0.033683973137520085,0.03222756982448262,0.013444866940390673,0.06261930210559473,234541.0178863008,224400.1026772128,93616.4140931643,436017.2950861477,25.931647861794808,0.5,177.0
IE,Western,0,6392343.12,0.5872928980165311,0.5875973568303885,0.5238061453332153,0.6486290474704449,3754177.7160608335,3756123.921264919,3348348.609334499,4146259.429029852,25.931647861794808,0.5,207.0
IE,Western,1,6392343.12,0.0036836883993408556,0.0023763585393396488,4.793744671588911e-05,0.014759717911006952,23547.40019575033,15190.499159601053,306.4326077046804,94349.18124156607,25.931647861794808,0.5,207.0
IE,Western,2,6392343.12,0.2919432130264376,0.2914222108206159,0.23641795346651961,0.3520412702370341,1866201.1892202427,1862870.7643543538,1511264.6782861867,2250368.5917557655,25.931647861794808,0.5,207.0
IE,Western,3,6392343.12,0.0025775943923357037,0.0013528500582869678,1.0349662318229978e-05,0.011682384591543046,16476.86777999772,8647.881762482297,66.15859271426065,74677.8107689442,25.931647861794808,0.5,207.0
IE,Western,4,6392343.12,0.00013826975005670875,2.8994934066022682e-12,1.890678734031565e-50,0.0016864450502229052,883.8676854791219,1.8534556729179375e-05,1.2085867197616985e-43,10780.335414050442,25.931647861794808,0.5,207.0
IE,Western,5,6392343.12,0.018061093915791672,0.016744102224942235,0.005184403014899805,0.03782218188927016,115452.70943228474,107034.0466581862,33140.48294360202,241772.3641832647,25.931647861794808,0.5,207.0
IE,Western,6,6392343.12,0.028649016911655927,0.02738428603004149,0.01125138855663237,0.0535578606554489,183134.34614998742,175049.75240024785,71922.73623043565,342360.22208277753,25.931647861794808,0.5,207.0
IE,Western,7,6392343.12,0.06765422558785054,0.06655922224339425,0.03971684091880184,0.10241934038388578,432469.0234754244,425469.38638011226,253883.67479543743,654699.5658578705,25.931647861794808,0.5,207.0
IS,Boreal,0,10456944.68,0.44715305482500733,0.44757221971992867,0.3873201549655346,0.50966566196696,4675854.757798108,4680237.941916099,4050185.4339236226,5329545.632484079,25.931647861794808,0.5,216.00000000000003
IS,Boreal,1,10456944.68,0.02816014922599017,0.02696935818596748,0.011229185650649965,0.05233877873129831,294469.122636724,282017.0866057671,117422.97315029649,547303.713811947,25.931647861794808,0.5,216.00000000000003
IS,Boreal,2,10456944.68,0.029423755550458917,0.028128093827600693,0.012108431024570415,0.05373462333970264,307682.5840689918,294133.9211090699,126617.19338552855,561899.9836639074,25.931647861794808,0.5,216.00000000000003
IS,Boreal,3,10456944.68,0.007660022861640459,0.006311627713872647,0.00078169615018049,0.02192690037284488,80100.43531170956,66000.34184472113,8174.153399006356,229288.3842027103,25.931647861794808,0.5,216.00000000000003
IS,Boreal,4,10456944.68,1.8253240454544798e-05,1.9171162861709092e-69,0.0,5.084627602141113e-06,190.873125663913,2.0047178949616245e-62,0.0,53.169669553990666,25.931647861794808,0.5,216.00000000000003
IS,Boreal,5,10456944.68,0.009704494068205942,0.008445921214745477,0.0014583949071396622,0.025358716537179055,101479.35761861768,88318.53091423184,15250.354865553183,265174.6959850825,25.931647861794808,0.5,216.00000000000003
IS,Boreal,6,10456944.68,0.42613743731927606,0.42569635321717625,0.3652545270415405,0.48832628377025666,4456095.608124638,4451483.216069752,3819446.383392953,5106400.935175555,25.931647861794808,0.5,216.00000000000003
IS,Boreal,7,10456944.68,0.05174283290896661,0.050768521998005106,0.027462075125415035,0.08368969434703821,541071.9413155473,530883.6260185024,287169.4003844691,875138.5040730874,25.931647861794808,0.5,216.00000000000003
IT,SW_Europe,0,19102775.52,0.9339553674564198,0.934663881374554,0.9096784917372654,0.9548038812333351,17841139.7302191,17854674.312550016,17377384.023029156,18239404.20882514,25.931647861794808,0.5,431.0
IT,SW_Europe,1,19102775.52,0.005286969245675946,0.004621282379000391,0.0008169644268411628,0.013801294257906577,100995.78668129131,88279.31990057603,15606.288053772194,263643.0260942543,25.931647861794808,0.5,431.0
IT,SW_Europe,2,19102775.52,1.1500425320887486e-05,3.8953629961355583e-53,1.6202971104164816e-267,2.3553686073621962e-05,219.6900432894376,7.441224488409218e-46,3.0952171975990702e-260,449.9407777329505,25.931647861794808,0.5,431.0
IT,SW_Europe,3,19102775.52,0.0022168529107677833,0.00152836849035578,6.847240351294997e-05,0.008114062009795777,42348.04351525556,29196.080183107748,1308.0129536227428,155001.10512848877,25.931647861794808,0.5,431.0
IT,SW_Europe,4,19102775.52,0.0008570713094521557,0.00029675868739077065,1.4573440629716062e-07,0.004724605731896338,16372.440829096984,5668.914588835746,2.783931649035134,90253.08271692105,25.931647861794808,0.5,431.0
IT,SW_Europe,5,19102775.52,0.00016935408574377542,2.4918246373494116e-07,2.399880496726761e-23,0.0018725295109839417,3235.1330833581737,4.760076668249122,4.584437840379741e-16,35770.51090290161,25.931647861794808,0.5,431.0
IT,SW_Europe,6,19102775.52,0.04167310928868292,0.04098786471417734,0.025455370206092634,0.06194674870880114,796072.0519621364,782981.9786790587,486268.2228254837,1183354.834778078,25.931647861794808,0.5,431.0
IT,SW_Europe,7,19102775.52,0.01582977527793663,0.015048161820100532,0.006641850685795143,0.029280730160467804,302392.643666469,287461.6572380151,126877.78268810267,559343.2153171101,25.931647861794808,0.5,431.0
LI,Central,0,8679.77,0.8800125893111647,0.8890099516324423,0.7367970401289219,0.9709107538939493,7638.306872325368,7716.401907880725,6395.228844999812,8427.282034326085,25.931647861794808,0.5,1.0
LI,Central,1,8679.77,0.05544138888671605,0.044559859563973625,0.0036025956415900473,0.16744496745812706,481.21850401725135,386.76933224759136,31.269701572004045,1453.3838051940277,25.931647861794808,0.5,1.0
LI,Central,2,8679.77,0.0038216368365431848,4.538863236590987e-05,4.029040551512422e-17,0.03652122508723777,33.17092876472245,0.39396288955065356,3.4971145307800975e-13,316.9958338754538,25.931647861794808,0.5,1.0
LI,Central,3,8679.77,0.001063779742928789,2.8015282113030412e-12,4.966088852103397e-56,0.011674336032101709,9.233363499281014,2.43166205226218e-08,4.3104509035821504e-52,101.33055166135546,25.931647861794808,0.5,1.0
LI,Central,4,8679.77,0.00026910142688055423,1.3829524776572713e-50,3.159205173453045e-254,0.0005746538318513047,2.335738491995029,1.2003709426995255e-46,2.7421174288382536e-250,4.987863090087999,25.931647861794808,0.5,1.0
LI,Central,5,8679.77,0.00034084030840725554,9.289691103938537e-41,1.4153764105736704e-202,0.0006303248698516579,2.9584154837040444,8.06323821532326e-37,1.2285141707205027e-198,5.4710748955923245,25.931647861794808,0.5,1.0
LI,Central,6,8679.77,0.03115003879104803,0.019954473715196663,0.0004439803861081763,0.12102626482222806,270.37517219737487,173.20024231895255,3.853647635930166,1050.4801426160307,25.931647861794808,0.5,1.0
LI,Central,7,8679.77,0.0279006246963115,0.017744347052971114,0.000273679116156438,0.11156883954478317,242.17100522030378,154.01685121996707,2.3754717820411666,968.3918664156226,25.931647861794808,0.5,1.0
LT,Boreal,0,4201329.37,0.8779266082128928,0.8800452133943071,0.8225152492472997,0.9254703649237522,3688458.8437893097,3697359.80196142,3455657.4739355505,3888205.825218778,25.931647861794808,0.5,123.0
LT,Boreal,1,4201329.37,0.0046441990797986546,0.0026400916442482747,2.4765245837361157e-05,0.020776240513788204,19511.809994085062,11091.894564471868,104.04695469177568,87287.82946876228,25.931647861794808,0.5,123.0
LT,Boreal,2,4201329.37,0.023143697945540522,0.020921775079698918,0.005536514456137903,0.05257837276188375,97234.29790900803,87899.26811487315,23260.720792001746,220899.06171131023,25.931647861794808,0.5,123.0
LT,Boreal,3,4201329.37,0.001320707210374179,0.00011156402652857882,1.1670343714044926e-11,0.01027315885657733,5548.725992115807,468.7172212899773,4.903095780381183e-05,43160.924026813955,25.931647861794808,0.5,123.0
LT,Boreal,4,4201329.37,2.7278505394850294e-05,7.091087278044608e-69,0.0,3.865652872541115e-06,114.605985885088,2.979199324648217e-62,0.0,16.240880947631855,25.931647861794808,0.5,123.0
LT,Boreal,5,4201329.37,0.0008638037861391259,1.889650268825592e-05,6.689852912033184e-16,0.007891605589193202,3629.124216623509,79.39043173445356,2.8106275520305045e-09,33155.234338333554,25.931647861794808,0.5,123.0
LT,Boreal,6,4201329.37,0.027679515934503088,0.025604244450665985,0.008121847716451878,0.059374123918004056,116290.7632430108,107571.86420724253,34122.55734979671,249450.25063472992,25.931647861794808,0.5,123.0
LT,Boreal,7,4201329.37,0.0643941893253568,0.062404121757849436,0.03108124699435031,0.10932045072717526,270541.198869962,262180.2695503089,130582.55585358819,459291.2203817193,25.931647861794808,0.5,123.0
LU,Western,0,160240.59,0.872312690215039,0.8793220869699494,0.7388158377650074,0.959906844340829,139779.90014454507,140903.09001609602,118388.28574480905,153816.03908221258,25.931647861794808,0.5,6.0
LU,Western,1,160240.59,0.0036320966420746712,6.42559911082161e-05,2.5773823457174663e-15,0.03196978589497709,582.0093088630642,10.2964179262153,4.130012677333508e-10,5122.857353984808,25.931647861794808,0.5,6.0
LU,Western,2,160240.59,0.06675306288751309,0.0579498230907251,0.009939455436977771,0.17208766284207314,10696.5501814022,9285.913842453414,1592.7042035000259,27575.428625534878,25.931647861794808,0.5,6.0
LU,Western,3,160240.59,0.0023180293246416557,2.420622781335432e-06,1.4063986900544974e-22,0.024633901237870817,371.4423866178805,0.3878820226486306,2.2536215586955977e-17,3947.35086835815,25.931647861794808,0.5,6.0
LU,Western,4,160240.59,0.000995155549226776,2.4660752801646843e-11,9.290621534140922e-51,0.011588004092851338,159.4643123498726,3.951653578780043e-06,1.4887346760974465e-45,1856.8686127609133,25.931647861794808,0.5,6.0
LU,Western,5,160240.59,0.004146295450561994,9.987826653054095e-05,1.46995186921967e-14,0.03825492885485933,664.4048293123698,16.004552357031134,2.355459547953628e-09,6129.992370110683,25.931647861794808,0.5,6.0
LU,Western,6,160240.59,0.03137631134010093,0.022395343636713572,0.0009033202968478966,0.11298950485082118,5027.758641161464,3588.6430775997283,144.74857732588208,18105.50492110345,25.931647861794808,0.5,6.0
LU,Western,7,160240.59,0.018466358590841805,0.009719804472643815,6.005841449706358e-05,0.08396173503312722,2959.060195748059,1557.5072033810839,9.62379577347402,13454.077959131973,25.931647861794808,0.5,6.0
LV,Boreal,0,3086670.35,0.8429916865166157,0.8443865789641553,0.7842721413680023,0.8920767806290295,2602037.4440673324,2606343.0172265917,2420789.565091621,2753546.94869108,25.931647861794808,0.5,148.0
LV,Boreal,1,3086670.35,0.013524915938289342,0.011694346401536049,0.0021020840685008627,0.03497033657723647,41746.95701296015,36096.592300250515,6488.440567448982,107941.9010424763,25.931647861794808,0.5,148.0
LV,Boreal,2,3086670.35,0.06401367674446924,0.062167428075490125,0.03333221279618262,0.10446135345818161,197589.1180016377,191890.35697637295,102885.55293786748,322437.7624402392,25.931647861794808,0.5,148.0
LV,Boreal,3,3086670.35,0.0010586576095158741,8.54884403918531e-05,7.382918451273885e-12,0.008202578340658894,3267.727054094526,263.8746342252754,2.2788635480015024e-05,25318.65535766401,25.931647861794808,0.5,148.0
LV,Boreal,4,3086670.35,2.391224350155603e-05,2.784051549228666e-69,0.0,6.22621442786871e-06,73.80921301823318,8.593449369875688e-63,0.0,19.218271467244563,25.931647861794808,0.5,148.0
LV,Boreal,5,3086670.35,0.0007136837287847019,1.7165180390503756e-05,7.287217732710953e-16,0.00610668309198165,2202.906404917181,52.983253363769364,2.2493238909553125e-09,18849.317636866082,25.931647861794808,0.5,148.0
LV,Boreal,6,3086670.35,0.02326000161515737,0.021385883940884202,0.006788856272748677,0.050047790672972374,71795.95732645836,66011.17386886841,20954.961367504853,154481.03155327038,25.931647861794808,0.5,148.0
LV,Boreal,7,3086670.35,0.0544134656036662,0.05279016579655235,0.026173039971222428,0.09239928919260294,167956.43091958133,162945.83953580228,80787.54644853712,285206.146311883,25.931647861794808,0.5,148.0
ME,SE_Europe,0,647927.63,0.981355723198747,0.9866735106226284,0.932381410466138,0.9994435937459076,635847.4879191002,639293.0293214994,604115.677539382,647567.1190144687,25.931647861794808,0.5,30.0
ME,SE_Europe,1,647927.63,0.00824796149489168,0.0036365435122814385,5.944975533972301e-06,0.042448180240964035,5344.082143716421,2356.2170193043885,3.851913908134658,27503.348821340656,25.931647861794808,0.5,30.0
ME,SE_Europe,2,647927.63,0.00011588164101507648,3.042792718751251e-41,3.9569318541954655e-194,0.0003127548573002973,75.08291702340931,1.9715094748417546e-35,2.5638054783603736e-188,202.64251346156985,25.931647861794808,0.5,30.0
ME,SE_Europe,3,647927.63,0.0015185332175803427,2.926106281774063e-06,1.6488472001678702e-22,0.015822684369568688,983.8996287431057,1.8959051082779808,1.0683336586369038e-16,10251.954383812685,25.931647861794808,0.5,30.0
ME,SE_Europe,4,647927.63,0.0008350756825098813,3.1337386499253473e-09,2.4318869266651615e-37,0.009888054796120333,541.0686078392599,0.0020304358564855298,1.575686732822142e-31,6406.743909360381,25.931647861794808,0.5,30.0
ME,SE_Europe,5,647927.63,0.00013178549493205653,1.5017807612668883e-45,5.064412547170821e-227,0.0002281353844154688,85.3874633997044,9.730452494272507e-40,3.2813728190306535e-221,147.81521894345363,25.931647861794808,0.5,30.0
ME,SE_Europe,6,647927.63,0.0012141309498487382,3.634458640143653e-07,2.598774363790076e-26,0.014116150928711347,786.6689888451419,0.23548661730412995,1.6838177144352615e-20,9146.244215962242,25.931647861794808,0.5,30.0
ME,SE_Europe,7,647927.63,0.006580908320475213,0.0021951099649171117,7.023201326456683e-07,0.03867310210585491,4263.9523313327845,1422.2723971581272,0.4550526190463935,25057.371392194582,25.931647861794808,0.5,30.0
MK,SE_Europe,0,1327207.75,0.9856521491555775,0.9897643971285022,0.9494046769056906,0.9995948706200006,1308165.1711634386,1313622.978543026,1260057.2450754787,1326670.059147112,25.931647861794808,0.5,44.0
MK,SE_Europe,1,1327207.75,0.00617725212857503,0.0025804327112665176,4.3380689632364876e-06,0.032168803117966716,8198.496898748775,3424.7702927464343,5.757518748041932,42694.68480638958,25.931647861794808,0.5,44.0
MK,SE_Europe,2,1327207.75,0.00011007138940642883,2.8577536697009065e-40,1.7583419613531845e-209,0.0003925130046852506,146.08760107348022,3.792832818017983e-34,2.3336850782581468e-203,520.9463017940509,25.931647861794808,0.5,44.0
MK,SE_Europe,3,1327207.75,0.0012210382527770285,1.872769354255162e-06,2.2764268553482276e-22,0.011906152822114652,1620.5714321321313,2.4855540009299464,3.0212913647262966e-16,15801.938298194938,25.931647861794808,0.5,44.0
MK,SE_Europe,4,1327207.75,0.0005410273629682666,6.882230820375085e-12,5.480877034946806e-52,0.005950701316188506,718.0557090935465,9.13415008209067e-06,7.274262477578423e-46,7897.816904780585,25.931647861794808,0.5,44.0
MK,SE_Europe,5,1327207.75,8.520520189132849e-05,1.840175804026064e-45,3.303715631325731e-225,0.00027547081749703067,113.08500429048584,2.442295588465873e-39,4.384716989691653e-219,365.6070038808947,25.931647861794808,0.5,44.0
MK,SE_Europe,6,1327207.75,0.000894431020846228,3.9010101774740447e-07,1.1517686241597853e-25,0.009796696061685239,1187.0957827075254,0.5177450940372428,1.5286362441917043e-19,13002.250937463126,25.931647861794808,0.5,44.0
MK,SE_Europe,7,1327207.75,0.005318825487958024,0.0018136287299509624,6.125563165386927e-07,0.030108439909529484,7059.18640851542,2407.0621060135745,0.8129894906216062,39960.154788336826,25.931647861794808,0.5,44.0
NL,Western,0,3403463.47,0.8760409565177663,0.8789549688570284,0.7929022956256214,0.9396924418311093,2981573.3937320765,2991491.1282798843,2698613.9984409437,3198208.8988072807,25.931647861794808,0.5,49.99999999999999
NL,Western,1,3403463.47,0.004486886714204493,0.0011861003565662098,1.2658187406800354e-07,0.027738310000357033,15270.955025823321,4036.84923532707,0.4308167843545904,94406.32480575085,25.931647861794808,0.5,49.99999999999999
NL,Western,2,3403463.47,0.036527906194560936,0.03235557205052545,0.007388757219479966,0.09045495421388822,124321.39436877484,110121.00752491638,25147.365285198837,307860.1323474911,25.931647861794808,0.5,49.99999999999999
NL,Western,3,3403463.47,0.0033307575890592802,0.0006001496396452158,4.775464152038906e-09,0.02173821549474041,11336.111781788533,2042.5873750661558,0.016253117793758945,73985.22233933696,25.931647861794808,0.5,49.99999999999999
NL,Western,4,3403463.47,0.0004063916431089538,8.779864687029976e-12,4.383699316724257e-50,0.0047422809192869935,1383.1391118346014,2.9881948733849512e-05,1.491976048793497e-43,16140.179873271303,25.931647861794808,0.5,49.99999999999999
NL,Western,5,3403463.47,0.003529536737606386,0.000692613170420518,6.8340771823299075e-09,0.023759310010014665,12012.64935246631,2357.2836243671177,0.02325953204122037,80863.94369149025,25.931647861794808,0.5,49.99999999999999
NL,Western,6,3403463.47,0.03347308077704315,0.02932254511479733,0.00563709628071881,0.08467269432711924,113924.40765302558,99798.21114563968,19185.651268299334,288180.4220488266,25.931647861794808,0.5,49.99999999999999
NL,Western,7,3403463.47,0.04220448382665045,0.038252600371088845,0.009529585785118627,0.09896734711412496,143641.41897421062,130191.32799550933,32433.597103882516,336831.7506257342,25.931647861794808,0.5,49.99999999999999
NO,Boreal,0,21925477.1,0.3170448787737653,0.31699755875910673,0.28484814679518294,0.3498276017336824,6951360.229226466,6950322.7153287,6245431.519535223,7670137.070759774,25.931647861794808,0.5,762.0000000000001
NO,Boreal,1,21925477.1,0.0014862974585758786,0.0011064752819285992,6.167593972344292e-05,0.005090386197014858,32587.780891793627,24259.998455641544,1352.2744040273283,111609.14599280537,25.931647861794808,0.5,762.0000000000001
NO,Boreal,2,21925477.1,0.08985155531039818,0.08952502597534842,0.07078865200598854,0.11114566598444132,1970038.2183575188,1962878.906899407,1552074.9684971708,2436921.7543061175,25.931647861794808,0.5,762.0000000000001
NO,Boreal,3,21925477.1,0.00023042159412054852,1.9387011125541473e-05,2.092922616730665e-12,0.0017842673360717798,5052.10338523558,425.06946847050483,4.588832690520028e-05,39120.91261731982,25.931647861794808,0.5,762.0000000000001
NO,Boreal,4,21925477.1,5.6700785644233326e-06,1.21485266286541e-73,0.0,3.4031272697070313e-06,124.31917771946466,2.6636224239529574e-66,0.0,74.61518902034705,25.931647861794808,0.5,762.0000000000001
NO,Boreal,5,21925477.1,0.009403809725085267,0.009007443501020182,0.0038815301928664457,0.017435681289726376,206183.01478011438,197492.49621116184,85104.40135665186,382285.6308407941,25.931647861794808,0.5,762.0000000000001
NO,Boreal,6,21925477.1,0.38557351875161855,0.3854949397775404,0.3520263949590518,0.4196841089886695,8453883.355755035,8452160.47425834,7718346.661270246,9201774.320864977,25.931647861794808,0.5,762.0000000000001
NO,Boreal,7,21925477.1,0.1964038483078718,0.1960742468992553,0.16909528534628343,0.22456723242872018,4306248.078426117,4299021.410289368,3707494.8065779037,4923743.712026282,25.931647861794808,0.5,762.0000000000001
PL,Central,0,20326864.59,0.9457401347650408,0.9463709611887249,0.9240765217647735,0.9637490169547748,19223931.656697337,19236754.379991356,18783578.32871074,19589995.76638532,25.931647861794808,0.5,452.00000000000006
PL,Central,1,20326864.59,0.022035903682365465,0.021337125030366805,0.010901904993433237,0.03705774216957799,447920.83026972524,433716.8512321657,221601.54657456226,753267.7070921446,25.931647861794808,0.5,452.00000000000006
PL,Central,2,20326864.59,0.0003258918387963855,1.5659965432032302e-05,6.756112281380205e-14,0.002592516343886638,6624.359278200238,318.31799682100143,1.3733057949845141e-06,52697.72866954556,25.931647861794808,0.5,452.00000000000006
PL,Central,3,20326864.59,6.465613417871618e-05,1.9475903418837476e-13,5.150345712712288e-55,0.0007423583386845979,1314.2564843636344,3.958840515626274e-06,1.0469037989398972e-47,15089.81742769918,25.931647861794808,0.5,452.00000000000006
PL,Central,4,20326864.59,1.241363294744408e-05,5.2364342438672656e-51,2.0201064629269685e-240,2.095770174418792e-05,252.33023599265837,1.0644028980952895e-43,4.106243052930035e-233,426.0043654717147,25.931647861794808,0.5,452.00000000000006
PL,Central,5,20326864.59,1.60388823992892e-05,1.1581642244396135e-41,1.3199092975084824e-207,4.412867449274257e-05,326.020190705286,2.354184736316639e-34,2.6829617561536943e-200,896.9975909501652,25.931647861794808,0.5,452.00000000000006
PL,Central,6,20326864.59,0.0017167391317532618,0.0011048422607457262,2.654113250668564e-05,0.006640132172055767,34895.92386750273,22457.97902748785,539.4980065286463,134973.06752108014,25.931647861794808,0.5,452.00000000000006
PL,Central,7,20326864.59,0.030088221932518637,0.029422938727533827,0.016998385038646213,0.04708015847186124,611599.2129761745,598076.091354447,345523.87092924345,956992.0061332647,25.931647861794808,0.5,452.00000000000006
PT,SW_Europe,0,6002193.08,0.9373722513397806,0.9382006016931719,0.9106411689477227,0.9599272026314285,5626289.240375653,5631261.159134593,5465844.122621132,5761668.412938118,25.931647861794808,0.5,328.0
PT,SW_Europe,1,6002193.08,0.00018595743103986818,2.2668483984176667e-08,2.6634335086153194e-30,0.0020642198382363345,1116.152405762074,0.13606061770391603,1.598644217445099e-23,12389.846028660844,25.931647861794808,0.5,328.0
PT,SW_Europe,2,6002193.08,1.4545728480057973e-05,1.0605882150979862e-51,1.0814512298641767e-255,2.2735660195006856e-05,87.3062708265629,6.365855245390684e-45,6.491079088248251e-249,136.4638222917016,25.931647861794808,0.5,328.0
PT,SW_Europe,3,6002193.08,0.0018019745418468276,0.0010169755621619655,7.84753656601097e-06,0.008051704307361662,10815.7991254092,6104.0836817376585,47.10242967155801,48327.88387585236,25.931647861794808,0.5,328.0
PT,SW_Europe,4,6002193.08,0.0014682819526859539,0.0007012854274524613,1.962141378780936e-06,0.00711856359990825,8812.911775900518,4209.250539760005,11.777151405700593,42726.99317890919,25.931647861794808,0.5,328.0
PT,SW_Europe,5,6002193.08,0.000530163843866246,3.8833463184682055e-05,1.390748219106247e-12,0.004042203211513606,3182.1457549201823,233.08594399953336,8.34753933674184e-06,24262.084144100747,25.931647861794808,0.5,328.0
PT,SW_Europe,6,6002193.08,0.04719599142528022,0.04629633284807399,0.02811436185438325,0.07190931516009573,283279.45313655626,277879.5286500864,168747.8281709951,431613.59384146566,25.931647861794808,0.5,328.0
PT,SW_Europe,7,6002193.08,0.011430833737020085,0.010465063605413084,0.0032321766967276905,0.024761601182171047,68610.0711549725,62813.33235417027,19400.148602436202,148623.9112653469,25.931647861794808,0.5,328.0
RO,Central,0,15438133.22,0.8872293497381237,0.8882876947574102,0.8522572718473042,0.9174810000031959,13697164.897951126,13713503.769351594,13157261.300492438,14164193.90486816,25.931647861794808,0.5,323.0
RO,Central,1,15438133.22,0.026442400474789646,0.025686530951832057,0.01250752665624762,0.04506938375624822,408221.30118639383,396552.0867940367,193092.86277185188,695787.1505722641,25.931647861794808,0.5,323.0
RO,Central,2,15438133.22,0.003241148599789159,0.002342740674279041,0.00011154338805981352,0.011453248211390795,50037.28386936149,36167.54262943246,1722.0216846775584,176816.77168917784,25.931647861794808,0.5,323.0
RO,Central,3,15438133.22,0.002683724807104133,0.00184275864712453,5.849268156533005e-05,0.010077497521439662,41431.701097892415,28448.753486615467,903.0178104006035,155577.7492602053,25.931647861794808,0.5,323.0
RO,Central,4,15438133.22,1.9392912010133616e-05,1.5982287454146367e-50,6.2289170666175556e-251,3.3752157783481455e-05,299.3903591361808,2.4673668287744625e-43,9.616285149077343e-244,521.0703083238466,25.931647861794808,0.5,323.0
RO,Central,5,15438133.22,2.2357164735176783e-05,2.763512039020155e-42,4.10811234580049e-203,5.762323511030204e-05,345.1528876031452,4.266346701346699e-35,6.342158567719468e-196,889.5951802002244,25.931647861794808,0.5,323.0
RO,Central,6,15438133.22,0.054688335552814486,0.05359785757683053,0.033566254986833,0.080787738653354,844285.8098444124,827450.8655776961,518200.3161832172,1247211.8718730225,25.931647861794808,0.5,323.0
RO,Central,7,15438133.22,0.025673290750633525,0.024757736340561567,0.012092274357490844,0.044504831114603204,396347.68280407414,382213.2318512248,186682.1424637336,687071.5116808454,25.931647861794808,0.5,323.0
RS,SE_Europe,0,5078381.49,0.975402552578092,0.9774562757251697,0.9456604236036286,0.9938451922542438,4953466.268311334,4963895.857927038,4802424.391054227,5047125.028269444,25.931647861794808,0.5,121.99999999999999
RS,SE_Europe,1,5078381.49,0.01363235105419693,0.011623670254970107,0.0017643702594936112,0.036896331958962206,69230.27925881567,59029.43186870377,8960.145267318852,187373.6492692891,25.931647861794808,0.5,121.99999999999999
RS,SE_Europe,2,5078381.49,6.515716040909974e-05,1.7588246768475614e-41,3.272443936953594e-201,0.00017526402288208515,330.89291736253307,8.931982683057887e-35,1.661871871648786e-194,890.0575696673177,25.931647861794808,0.5,121.99999999999999
RS,SE_Europe,3,5078381.49,0.0005156945349064224,7.935729269818005e-07,1.891455324823716e-22,0.005274279809076515,2618.8935805629344,4.030066063349497,9.605531710746698e-16,26784.804955494907,25.931647861794808,0.5,121.99999999999999
RS,SE_Europe,4,5078381.49,0.0002033782054089574,2.657224039497616e-12,3.9313962252292765e-52,0.0024542272337073965,1032.832113818267,1.3494397376967721e-05,1.996512982006023e-45,12463.502155913548,25.931647861794808,0.5,121.99999999999999
RS,SE_Europe,5,5078381.49,4.9439430584390583e-05,8.640097729969761e-46,1.922698628950093e-234,7.094620751101484e-05,251.07228915590903,4.387771238366946e-39,9.764197128108531e-228,360.2919070096367,25.931647861794808,0.5,121.99999999999999
RS,SE_Europe,6,5078381.49,0.0004929246150342578,1.731523345860861e-07,1.3769749983203498e-25,0.005221056592473095,2503.2592409553504,0.8793336109122666,6.9928043436628465e-19,26514.517157457838,25.931647861794808,0.5,121.99999999999999
RS,SE_Europe,7,5078381.49,0.009638502421367911,0.007558852980465533,0.0005550497719339455,0.030593648211502233,48947.99228799498,38386.73906162749,2818.75448781807,155366.21678886455,25.931647861794808,0.5,121.99999999999999
SE,Boreal,0,19459507.25,0.5582589691018484,0.5585988135892989,0.5225123269053411,0.5930847499613803,10863444.456614945,10870057.66288236,10167832.413628856,11541136.991737917,25.931647861794808,0.5,704.0
SE,Boreal,1,19459507.25,0.008807268612701341,0.008382772854827036,0.003498283810755035,0.016751765835077384,171385.1074215592,163124.62914360987,68074.87917794523,325981.1087179907,25.931647861794808,0.5,704.0
SE,Boreal,2,19459507.25,0.13526117176925026,0.1348135448611615,0.11205624781627058,0.16076318075197465,2632115.752687221,2623405.1536239726,2180559.366788514,3128372.281376111,25.931647861794808,0.5,704.0
SE,Boreal,3,19459507.25,0.00034179239812818303,6.430660436717251e-05,2.7634196173185145e-10,0.002405729831237271,6651.111649370264,1251.3748339058752,0.005377478407800186,46814.31709250295,25.931647861794808,0.5,704.0
SE,Boreal,4,19459507.25,4.560929243731081e-06,3.592870353762565e-72,0.0,1.3520241732786377e-06,88.75343568512199,6.9915486697352705e-65,0.0,26.309724202090905,25.931647861794808,0.5,704.0
SE,Boreal,5,19459507.25,0.0001759527366902435,3.3865126926683865e-06,4.430225150686867e-17,0.0016680959528470555,3423.953555281135,65.89986829519748,8.620999843892342e-10,32460.325288122935,25.931647861794808,0.5,704.0
SE,Boreal,6,19459507.25,0.05566715270669551,0.055261514044936455,0.0402450933703824,0.07372889979116726,1083255.3616827985,1075361.8332034177,783149.6862178834,1434728.0600207427,25.931647861794808,0.5,704.0
SE,Boreal,7,19459507.25,0.24148313174544228,0.24064850995174297,0.2111950956671562,0.2746287079774767,4699142.75295314,4682901.424107639,4109752.4952994697,5344139.33394584,25.931647861794808,0.5,704.0
SI,Central,0,744376.7,0.9456283935630013,0.9502882003483901,0.8825889968518446,0.9857379253310345,703903.7430267283,707372.3946242735,656978.6849328864,733760.3439227617,25.931647861794808,0.5,41.00000000000001
SI,Central,1,744376.7,0.007656090661136234,0.0036146591220664126,9.053807916806275e-06,0.037615822701339646,5699.015501237408,2690.6680289086935,6.739443659546129,28000.341970208287,25.931647861794808,0.5,41.00000000000001
SI,Central,2,744376.7,0.001697770905161946,1.3081714056407743e-05,4.5049479754815006e-17,0.01669638283134962,1263.7811037404622,9.73772313965241,3.3533783076606003e-11,12428.398353936685,25.931647861794808,0.5,41.00000000000001
SI,Central,3,744376.7,0.0004008500401579699,1.5656665752363792e-12,2.1465235390812644e-57,0.0042316956179631535,298.3834300876571,1.1654457185747575e-06,1.5978221084936324e-51,3149.9756195038726,25.931647861794808,0.5,41.00000000000001
SI,Central,4,744376.7,0.00021387077412358493,9.4739811432177e-25,1.5037355269184544e-120,0.0018081230005575692,159.2004210685595,7.052210819250619e-19,1.1193456892003202e-114,1345.9246323491413,25.931647861794808,0.5,41.00000000000001
SI,Central,5,744376.7,0.0001295743519078448,1.7317428893552365e-42,1.632994919335919e-200,0.0003494711036612348,96.45212847780022,1.289069057226716e-36,1.2155633691720376e-194,260.13814688870787,25.931647861794808,0.5,41.00000000000001
SI,Central,6,744376.7,0.03290117143299609,0.028268108560252143,0.00459063716241041,0.0853846464650478,24490.865417427896,21042.12136532224,3417.1633418524248,63558.34136631894,25.931647861794808,0.5,41.00000000000001
SI,Central,7,744376.7,0.011372278271514907,0.006865272904796988,9.419939874091759e-05,0.046634118896970465,8465.25897123197,5110.349189472196,70.11983757674838,34713.35153193451,25.931647861794808,0.5,41.00000000000001
SK,Central,0,2593447.01,0.9490039256538545,0.9522129028955326,0.8964907825848278,0.9842602005971832,2461191.3934652503,2469513.7058978393,2325001.339587182,2552626.6743007647,25.931647861794808,0.5,61.0
SK,Central,1,2593447.01,0.005672469590780603,0.0025907952998857806,5.621474638744391e-06,0.02802809674828307,14711.249299525874,6719.090324010831,14.57899659364247,72689.38370782544,25.931647861794808,0.5,61.0
SK,Central,2,2593447.01,0.001288343577939223,1.17598021356123e-05,1.075577061841636e-17,0.012256358634095903,3341.2508000591797,30.49842368679533,2.7894521150577757e-11,31786.2166530837,25.931647861794808,0.5,61.0
SK,Central,3,2593447.01,0.0003585451228276033,1.0080474864261343e-12,3.081441440299566e-55,0.003976402288722812,929.8677767473303,2.6143177396098732e-06,7.991555089835001e-49,10312.588626245331,25.931647861794808,0.5,61.0
SK,Central,4,2593447.01,7.524664689323603e-05,3.992402715464421e-50,4.846418009815889e-257,0.00017665137163650363,195.1481913977888,1.0354084885137081e-43,1.2568928296767166e-250,458.1359715830891,25.931647861794808,0.5,61.0
SK,Central,5,2593447.01,6.28296940726343e-05,4.585651191747737e-41,5.286871920555316e-208,0.00019817885222298885,162.94548223188815,1.1892643372141104e-34,1.371122217461714e-201,513.9663517429423,25.931647861794808,0.5,61.0
SK,Central,6,2593447.01,0.026795020418655387,0.023296825376722168,0.004203169664898864,0.06846683591304874,69491.46558765075,60419.082115752215,10900.69779995466,177565.11088285685,25.931647861794808,0.5,61.0
SK,Central,7,2593447.01,0.016743619294976936,0.013276878004383322,0.0011730100400788497,0.05160443321520256,43423.689397136244,34432.87956260269,3042.1393811424728,133833.36302471175,25.931647861794808,0.5,61.0
TR,SE_Europe,0,57952438.28,0.9686810807826775,0.9688719142815726,0.9578938927214881,0.9783087699894366,56137430.547061816,56148489.813628286,55512286.69673098,56695378.611595534,25.931647861794808,0.5,1054.0
TR,SE_Europe,1,57952438.28,0.0189029650445658,0.01864708179493285,0.011693258156112071,0.027694592060341267,1095472.9150541972,1080643.8568229578,677652.8215841914,1604969.1370667054,25.931647861794808,0.5,1054.0
TR,SE_Europe,2,57952438.28,7.474338224639847e-05,5.862995208650289e-08,1.6279789564554768e-25,0.0007746996891215622,4331.561246472855,3.397748679652416,9.434534999512482e-18,44895.73591935252,25.931647861794808,0.5,1054.0
TR,SE_Europe,3,57952438.28,0.003438571678406393,0.0031398389540886343,0.0008588294690369101,0.007734781798847354,199273.61296420253,181961.32319596136,49771.2617974067,448249.4648069687,25.931647861794808,0.5,1054.0
TR,SE_Europe,4,57952438.28,0.0002540714410296756,5.569207411612324e-05,7.483048351433226e-10,0.0017127424093004704,14724.059504982934,3227.491487899818,0.04336608977326898,99257.59876452401,25.931647861794808,0.5,1054.0
TR,SE_Europe,5,57952438.28,6.182435330054529e-06,7.2805018632902635e-47,5.026996061698739e-230,1.3664260164365948e-05,358.2872018850765,4.21922834879754e-39,2.913266789993993e-222,791.8771938172803,25.931647861794808,0.5,1054.0
TR,SE_Europe,6,57952438.28,6.969445650678397e-05,2.504145106554713e-08,6.931634087099521e-27,0.000703231298037443,4038.9636891675427,1.4512131473177603,4.0170509661217915e-19,40753.9683960792,25.931647861794808,0.5,1054.0
TR,SE_Europe,7,57952438.28,0.008572690779237434,0.008276320968638728,0.003975672079091758,0.014824075596024923,496808.3332772823,479632.9801205058,230399.89078508443,859091.3260366885,25.931647861794808,0.5,1054.0
UK,Western,0,22307613.27,0.7277014367378046,0.727983521213407,0.6929943740074489,0.7625530337995935,16233282.226770319,16239574.858161524,15459050.49364391,17010738.17586657,25.931647861794808,0.5,607.0
UK,Western,1,22307613.27,0.007890184859026926,0.00747500811978923,0.002531787322255581,0.015964267905396148,176011.1924639821,166749.59032636796,56478.13246676636,356124.7145722502,25.931647861794808,0.5,607.0
UK,Western,2,22307613.27,0.1639786203049669,0.1634163815464071,0.13527556054762355,0.19502904974203217,3657971.6463113707,3645429.4415200143,3017674.8895788556,4350632.618060847,25.931647861794808,0.5,607.0
UK,Western,3,22307613.27,0.002511369271138929,0.001993114660003092,0.00019840935951320477,0.007776980182195296,56022.654478729,44461.63103811651,4426.039261168968,173485.86631286683,25.931647861794808,0.5,607.0
UK,Western,4,22307613.27,5.906802925185292e-05,6.451656048713969e-13,8.493181550367536e-51,0.000703431692705385,1317.6667531713822,1.4392104808576752e-05,1.89462609457498e-43,15691.882162733209,25.931647861794808,0.5,607.0
UK,Western,5,22307613.27,0.007963367531738248,0.007433513575205322,0.0025994373973614944,0.016058954046227293,177643.7232248913,165823.94607297538,57987.24417991554,358236.9363839401,25.931647861794808,0.5,607.0
UK,Western,6,22307613.27,0.07177625633810697,0.0714821210462116,0.05299126602393638,0.09271365423707481,1601156.9683588769,1594595.512018216,1182108.6691496635,2068220.3435691616,25.931647861794808,0.5,607.0
UK,Western,7,22307613.27,0.018119696927965463,0.017514653394861537,0.009091687208311045,0.029979561659473016,404207.19163866056,390710.11449066375,202813.8422148087,668772.4675036434,25.931647861794808,0.5,607.0
