CNTR_ID,class,distur_1,area_ha
AD,0,-1,4.378170964417399
AD,0,-1,25763.73040554155
AD,0,-1,1505.6109170729453
AD,0,-1,18391.825420902987
AD,1,0,0.1103948515589593
AD,1,0,0.0092445490860028
AD,2,0,1.24695692786586
AD,2,0,0.0989863294047273
AD,6,0,747.033864294394
AD,6,0,54.53093904297919
AD,6,0,83.51168889184555
AD,6,1,11.306989926618026
AD,6,1,0.3883653836229872
AD,6,1,0.0295961749342233
AD,6,2,3.073413298865596
AD,6,2,0.0735474668908501
AD,6,2,0.0271040167422636
AL,0,-1,67179.66407503455
AL,0,-1,1778832.2484155295
AL,0,-1,975566.1684203946
AL,0,-1,94381.68094660786
AL,1,0,2079.628059645063
AL,1,0,254.35016053686877
AL,1,0,102.37775371134788
AL,1,1,904.5886467551423
AL,1,1,139.37595793142972
AL,1,1,32.45691316337927
AL,1,2,2057.9398939894163
AL,1,2,191.46033037099087
AL,1,2,110.57817844404468
AL,2,0,5.699748328218743
AL,2,0,0.0030631025656832
AL,3,0,0.0041697224063928
AL,3,0,10930.13906337282
AL,3,0,652.6006788325153
AL,3,0,1121.8420797846238
AL,3,1,0.0033963798128519
AL,3,1,1732.8303693805303
AL,3,1,282.8094727702111
AL,3,1,232.88628948038192
AL,3,2,6108.222244802824
AL,3,2,284.245676695389
AL,3,2,108.08161370343105
AL,4,0,24.29784776539532
AL,4,0,6216.591435672379
AL,4,0,0.4214099899750399
AL,4,0,1.616705688587139
AL,4,1,1151.9711235185432
AL,4,1,0.6962018741912936
AL,4,1,1.7251860341082288
AL,4,2,345.8835878517645
AL,4,2,1.2859552752491985
AL,4,2,1.731747106308525
AL,5,0,212.0644543683184
AL,5,0,3751.588586165159
AL,5,0,0.2475933204229033
AL,5,0,1.7723906557475129
AL,5,1,338.6106100764757
AL,5,1,0.0160092423741129
AL,5,1,0.0346806098280706
AL,5,2,21.76035163973317
AL,6,0,4835.2652299905
AL,6,0,115.8793074133636
AL,6,0,43.58708428831519
AL,6,1,34.80439049277115
AL,6,1,2.709087393066603
AL,6,1,0.267485369154823
AL,6,2,15.911577402761075
AL,6,2,1.671567520439591
AL,6,2,0.0108741037742597
AT,0,-1,104.37044479013916
AT,0,-1,3811077.760011338
AT,0,-1,1100801.6689146883
AT,0,-1,2389960.4386826395
AT,1,0,0.0046834133016807
AT,1,0,10357.57730977912
AT,1,0,95.96955120231316
AT,1,0,7.960082362685645
AT,1,1,2231.9875587221886
AT,1,1,81.61037693922913
AT,1,1,10.509512801585466
AT,1,2,0.0010114910262848
AT,1,2,8338.932069777642
AT,1,2,171.14106094725108
AT,1,2,8.385053562304082
AT,2,0,250.6407814736218
AT,2,0,23.012427247826835
AT,2,0,42.49564465020001
AT,2,1,193.6273440463275
AT,2,1,19.56012148881011
AT,2,1,36.24774466202935
AT,2,2,2788.052367640325
AT,2,2,22.014164404752524
AT,2,2,9.57093537817626
AT,6,0,0.0244878114066888
AT,6,0,484248.2471344474
AT,6,0,64403.95173470157
AT,6,0,252620.86215557935
AT,6,1,33230.54727925298
AT,6,1,14949.525134480136
AT,6,1,34499.699805834265
AT,6,2,165686.33503727755
AT,6,2,10670.99166705656
AT,6,2,7548.22796995528
BA,0,-1,1860.481934536416
BA,0,-1,2134248.7299986403
BA,0,-1,2361375.724694089
BA,0,-1,573994.7077210783
BA,1,0,4390.328924278982
BA,1,0,284.2161424280899
BA,1,0,36.877550854809925
BA,1,1,0.0042257072895783
BA,1,1,2540.847038106989
BA,1,1,349.0420506234934
BA,1,1,65.19235285874501
BA,1,2,0.0260645512872865
BA,1,2,31671.00678783322
BA,1,2,3407.9064102849125
BA,1,2,76.91481674391935
BA,2,0,195.4976408565169
BA,2,0,0.5238403614573768
BA,2,0,0.0390347249508923
BA,2,1,2.725214079088304
BA,2,2,45.52609159016427
BA,2,2,0.0080357802842716
BA,3,0,93.1143801982021
BA,3,0,6.413725840389271
BA,3,0,24.58561066882952
BA,3,1,60.44249381966012
BA,3,1,1.210955723404956
BA,3,1,2.905601861787681
BA,3,2,280.7641747153738
BA,3,2,2.985295174181967
BA,3,2,3.3017201424879663
BA,4,0,23.10006906339296
BA,4,1,24.85212805177847
BA,4,1,0.0237184853414073
BA,4,1,0.0194059187846168
BA,4,2,7.859358254810043
BA,4,2,0.0023995593254288
BA,4,2,0.1049478009477914
BA,5,0,4.699845513675147
BA,5,0,0.0059039440916034
BA,5,0,0.0594862811396314
BA,5,1,13.269017532403485
BA,5,2,1.837434777806196
BA,6,0,8141.101596857157
BA,6,0,541.2590521541209
BA,6,0,72.35244229316827
BA,6,1,23.728994973334277
BA,6,1,2.733842800645574
BA,6,1,0.0197835769876717
BA,6,2,72.20518681727083
BA,6,2,2.0885294798142384
BA,6,2,0.868180102423555
BE,0,-1,10443.462532392095
BE,0,-1,2210811.4445368825
BE,0,-1,604404.8161945706
BE,0,-1,228454.49765050088
BE,1,0,363.1213891033448
BE,1,0,37.30546464029324
BE,1,0,0.6930298727082149
BE,1,1,324.8485407166958
BE,1,1,34.39966369660124
BE,1,1,1.0232254360387836
BE,1,2,5884.67339202757
BE,1,2,420.0324727466127
BE,1,2,5.13494985438161
BE,2,0,6563.767047755517
BE,2,0,652.3719832576373
BE,2,0,105.39681011943829
BE,2,1,351.0201962952761
BE,2,1,49.70368064173771
BE,2,1,12.764055562556493
BE,2,2,793.0732430687925
BE,2,2,22.978887335445418
BE,2,2,3.3659747223036893
BE,3,0,300.75672817581074
BE,3,0,6.524635466917353
BE,3,0,0.1854383623929311
BE,3,1,368.7065071737045
BE,3,1,24.78416441783327
BE,3,1,0.5759747323838872
BE,3,2,1904.3347293385675
BE,3,2,45.03852859265648
BE,3,2,2.95920746091336
BE,4,1,0.1694891509131927
BE,4,2,17.855462811950165
BE,4,2,0.15880846128229
BE,4,2,0.0227864706848983
BE,5,0,117.2245746147402
BE,5,0,4175.482770474362
BE,5,0,0.0482803768430637
BE,5,0,0.0011584692862816
BE,5,1,878.9559310767854
BE,5,1,0.1830778993784499
BE,5,2,274.6815880661994
BE,5,2,4.18231725124132
BE,5,2,0.3739684114159389
BE,6,0,2609.484718223698
BE,6,0,531.1328130334128
BE,6,0,14.45334595365409
BE,6,1,334.64652140584417
BE,6,1,198.895807086104
BE,6,1,2.384933987065377
BE,6,2,371.5648378602709
BE,6,2,41.90083034132461
BE,6,2,0.51942426331844
BG,0,-1,56842.73770218861
BG,0,-1,6239959.413466564
BG,0,-1,3906736.3648435073
BG,0,-1,882960.9070048298
BG,1,0,5245.673440646736
BG,1,0,449.094640764266
BG,1,0,21.81323945307629
BG,1,1,0.0078088506566317
BG,1,1,4919.144776148606
BG,1,1,580.080774000586
BG,1,1,37.33291004122531
BG,1,2,0.0492754891393741
BG,1,2,43694.50958700333
BG,1,2,2066.225684873192
BG,1,2,72.37299316341458
BG,2,0,31.152363323774253
BG,2,0,0.4159048971339453
BG,2,0,0.0621426134038202
BG,2,1,9.381037902817464
BG,2,1,0.1234203746789634
BG,2,1,0.0011332924591093
BG,2,2,9.196040325817949
BG,2,2,0.0742473493713891
BG,2,2,0.0067595942048634
BG,3,0,354.60887758973644
BG,3,0,1.917765773920604
BG,3,0,3.6947146798643313
BG,3,1,378.874775195095
BG,3,1,1.9838536276272416
BG,3,1,2.4854024012762346
BG,3,2,753.5276083312451
BG,3,2,5.583524924374845
BG,3,2,1.1455825887692022
BG,4,0,0.0299098501592644
BG,4,0,827.9270695314133
BG,4,0,1.7194316848228104
BG,4,0,0.5797083152992258
BG,4,1,533.7880232749488
BG,4,1,0.3633445185808366
BG,4,1,0.2207613297142858
BG,4,2,520.7696741917374
BG,4,2,3.185724623116939
BG,4,2,1.1999119335865127
BG,5,0,4.715583133147716
BG,5,1,4.761822596871351
BG,5,2,0.0689209907702586
BG,6,0,19238.82935812427
BG,6,0,549.9286277060559
BG,6,0,129.09872022858275
BG,6,1,17.641833558176973
BG,6,1,0.4178588433779802
BG,6,1,0.2049035732817284
BG,6,2,148.48856586569656
BG,6,2,3.123301572401626
BG,6,2,0.6462077459965337
CH,0,-1,53.8811684598002
CH,0,-1,2403878.7238688283
CH,0,-1,637088.3455863724
CH,0,-1,624722.9097857679
CH,1,0,858.3555164128077
CH,1,0,61.07092757433789
CH,1,0,6.728491708912962
CH,1,1,476.7990708692834
CH,1,1,40.13801997626001
CH,1,1,5.582703725148454
CH,1,2,0.0030171101020108
CH,1,2,6297.726137944308
CH,1,2,69.11802045154656
CH,1,2,9.30819885822246
CH,2,0,104.00273673136698
CH,2,0,3.689288371647913
CH,2,0,0.5491526102715532
CH,2,1,44.39336772789445
CH,2,1,2.194221026813326
CH,2,1,0.2432560310443125
CH,2,2,121.32291127085512
CH,2,2,1.1128589756380287
CH,2,2,0.5384312048217834
CH,6,0,0.0007542775255115
CH,6,0,269275.8966925679
CH,6,0,52707.59160677988
CH,6,0,60955.84831895478
CH,6,1,9114.87309782759
CH,6,1,4277.446762351833
CH,6,1,5408.99293481983
CH,6,2,48538.1059823878
CH,6,2,3782.693657515166
CH,6,2,1738.3871361567676
CY,0,-1,111504.44283492952
CY,0,-1,722254.7820514621
CY,0,-1,49953.61369454226
CY,0,-1,169806.70097092603
CY,1,0,18.193687676802107
CY,1,0,0.1322568420019378
CY,1,0,1.0679359112914866
CY,1,1,3.760222184385415
CY,1,1,0.1912037997070011
CY,1,1,0.1703523327865855
CY,1,2,1.4795026491918524
CY,1,2,0.0045633706513315
CY,1,2,0.0072398783771427
CY,2,0,0.6222485635443957
CY,2,0,0.074304918293329
CY,2,0,0.0611627222495156
CY,2,1,0.6408304594538378
CY,2,1,0.0566620563417541
CY,2,2,0.99739899334517
CY,3,0,1903.9631814201668
CY,3,0,7.319205281177399
CY,3,0,26.380638680273773
CY,3,1,339.3851474021479
CY,3,1,1.3542651597467912
CY,3,1,9.907164049653
CY,3,2,131.73827434049497
CY,3,2,2.084858416043133
CY,3,2,0.3657670878929774
CY,4,0,2.5335870082321184
CY,4,1,0.7204873206597513
CY,4,2,0.0858467522338686
CY,5,0,0.3788581020494321
CY,5,0,29.54471396875408
CY,5,1,38.01215673697697
CY,5,2,1.6608612118718145
CZ,0,-1,62.42727737314576
CZ,0,-1,4793121.021514658
CZ,0,-1,1229310.8251720346
CZ,0,-1,1843392.7889191853
CZ,1,0,594.2624898986143
CZ,1,0,61.88993947142728
CZ,1,0,6.718726640818054
CZ,1,1,0.0001069353111952
CZ,1,1,669.5431820957184
CZ,1,1,62.13107199672333
CZ,1,1,11.67591201786313
CZ,1,2,1787.8092433177967
CZ,1,2,153.86617623751414
CZ,1,2,34.704108542714486
CZ,2,0,4055.2393042229032
CZ,2,0,458.8918611744119
CZ,2,0,963.7470582139453
CZ,2,1,0.0001604029667941
CZ,2,1,910.731013587393
CZ,2,1,65.10109110032336
CZ,2,1,66.5824501842549
CZ,2,2,0.003978300507797
CZ,2,2,9975.30649129519
CZ,2,2,101.05492346316711
CZ,2,2,35.09754496589121
CZ,6,0,669.2835936736434
CZ,6,0,52.24250671126979
CZ,6,0,92.76726321262178
CZ,6,1,37.58822285969647
CZ,6,1,14.811691958914995
CZ,6,1,23.42464733558708
CZ,6,2,489.73545176127953
CZ,6,2,32.77102139662274
CZ,6,2,11.747503195208015
DE,-999,0,18.58336584231817
DE,0,-1,348204.3169109071
DE,0,-1,23264230.490289208
DE,0,-1,5852991.234713607
DE,0,-1,6130829.64110389
DE,1,0,37349.60012460352
DE,1,0,2936.3236011181443
DE,1,0,278.74839570853294
DE,1,1,0.0042322251527136
DE,1,1,27503.64195119905
DE,1,1,2429.691967998637
DE,1,1,152.6909387420799
DE,1,2,0.038544160059098
DE,1,2,231500.5477665538
DE,1,2,6975.875196361908
DE,1,2,308.1934847718024
DE,2,0,0.0025724882039639
DE,2,0,36638.99103840488
DE,2,0,1652.9370199215152
DE,2,0,1023.7899057252456
DE,2,1,11446.988372337855
DE,2,1,568.9480491700759
DE,2,1,171.8792692509876
DE,2,2,58121.855589744606
DE,2,2,649.3341283225352
DE,2,2,120.92973650911038
DE,3,0,0.0775072148360226
DE,3,0,22608.175425210477
DE,3,0,125.55603783853816
DE,3,0,50.1512362860238
DE,3,1,0.0013295109416738
DE,3,1,8262.966509774651
DE,3,1,58.38523250857791
DE,3,1,11.709236367462347
DE,3,2,0.0438927840184494
DE,3,2,74256.30539140524
DE,3,2,235.8272971390533
DE,3,2,14.272399187445492
DE,4,0,10.881810317012022
DE,4,0,0.0057534665103615
DE,4,0,0.005898517764503
DE,4,1,36.12828641315779
DE,4,1,0.0027614457198688
DE,4,2,24.829583350100616
DE,4,2,0.0928622043989096
DE,4,2,0.0075089027470975
DE,5,0,10697.179416331424
DE,5,0,59559.24019291028
DE,5,0,19.770438854698657
DE,5,0,3.4009724326916286
DE,5,1,0.0005686585824974
DE,5,1,9935.871891872916
DE,5,1,16.8798583624305
DE,5,1,3.477385026452612
DE,5,2,0.0113447824952151
DE,5,2,1797.5499925331858
DE,5,2,30.646030497746413
DE,5,2,6.697478743287354
DE,6,0,34738.20223221888
DE,6,0,6408.071547552511
DE,6,0,18688.991927818533
DE,6,1,1874.3696936594836
DE,6,1,601.6536063432301
DE,6,1,583.582258249351
DE,6,2,9729.85492455248
DE,6,2,760.4820941233088
DE,6,2,380.205242300187
DE,7,0,1519.5143510888267
DE,7,0,326.0256176185535
DK,0,-1,647020.567308875
DK,0,-1,3573076.3097603437
DK,0,-1,483031.0574378528
DK,0,-1,234470.9815567058
DK,1,0,0.001508555051023
DK,1,0,7310.735302954498
DK,1,0,531.798864036022
DK,1,0,46.150644931390445
DK,1,1,0.0039223156262337
DK,1,1,7879.383374604551
DK,1,1,675.4396906926062
DK,1,1,26.797267074376222
DK,1,2,0.0106635367923666
DK,1,2,52711.64734191032
DK,1,2,1954.5909698911585
DK,1,2,78.26530687430568
DK,2,0,0.0052799426785453
DK,2,0,25728.50496362376
DK,2,0,793.6132851259903
DK,2,0,249.7779406958311
DK,2,1,4649.563507146997
DK,2,1,349.12682043153274
DK,2,1,54.724800053201264
DK,2,2,0.0011626283633869
DK,2,2,56598.01840445896
DK,2,2,534.6067673691354
DK,2,2,61.18536389978563
DK,3,0,0.7865670172212984
DK,3,0,30482.601426706933
DK,3,0,362.0968297636648
DK,3,0,58.72300067401179
DK,3,1,0.0185507932510204
DK,3,1,13301.368963841414
DK,3,1,234.93970600519884
DK,3,1,26.86811730495189
DK,3,2,0.0133094243733271
DK,3,2,101354.30176746075
DK,3,2,686.225902787161
DK,3,2,72.32646495379316
DK,4,0,0.0022628325764641
DK,4,0,17.73335991966456
DK,4,0,0.0093867875370825
DK,4,1,16.801121430596485
DK,4,1,0.0327981514264194
DK,4,2,10.640246074475426
DK,4,2,0.063614197284026
DK,4,2,0.0273463986528636
DK,5,0,3209.159785196585
DK,5,0,55975.69719439403
DK,5,0,27.0901029394867
DK,5,0,5.722503503089222
DK,5,1,0.0158013893147928
DK,5,1,15805.358970595002
DK,5,1,13.083469944849773
DK,5,1,2.906488211462083
DK,5,2,3984.307894402529
DK,5,2,43.56268329911081
DK,5,2,9.494002151910864
DK,6,0,0.0030171101020108
DK,6,0,3807.976323987565
DK,6,0,34.136970397876176
DK,6,0,0.679140988651969
DK,6,1,451.0029536700722
DK,6,1,14.385160579068298
DK,6,1,0.1334634190703966
DK,6,2,290.5927178556229
DK,6,2,5.356129743035316
DK,6,2,0.1439943519713786
EE,0,-1,342267.7414234192
EE,0,-1,1840041.31814301
EE,0,-1,1312233.593511556
EE,0,-1,1032209.6623473492
EE,1,0,575.964407108281
EE,1,0,75233.23235041145
EE,1,0,6738.297354728908
EE,1,0,1785.2919177309454
EE,1,1,28.98497258607241
EE,1,1,7351.141230323606
EE,1,1,902.236566610798
EE,1,1,191.6482815022547
EE,1,2,38.69637868619373
EE,1,2,41218.23268344784
EE,1,2,914.5711407477812
EE,1,2,99.62791183113268
EE,2,0,458.8143482166441
EE,2,0,174878.40618762394
EE,2,0,610.9919786492238
EE,2,0,6732.861523498667
EE,2,1,10.689944561466984
EE,2,1,2861.9322971286992
EE,2,1,86.8204066715848
EE,2,1,152.95354158246215
EE,2,2,15.668900856637926
EE,2,2,94239.2935476194
EE,2,2,111.33860710731128
EE,2,2,42.4332968413396
EE,3,0,3.2863115080253955
EE,3,0,5482.344527668286
EE,3,0,25.05493261947552
EE,3,0,59.84407371978435
EE,3,1,0.0034919023494678
EE,3,1,465.8233809300996
EE,3,1,3.7251092320817945
EE,3,1,3.163196778909068
EE,3,2,383.3208061748176
EE,3,2,3.420889215389953
EE,3,2,1.162479801664226
EE,4,0,113.87345849512054
EE,4,0,0.0247234932854422
EE,4,0,0.0671933371944501
EE,4,1,23.42178728079731
EE,4,1,0.0237183369740672
EE,4,1,0.0286741440484288
EE,4,2,2.012796487868282
EE,4,2,0.0066082101646427
EE,5,0,1605.6891770454797
EE,5,0,12199.71523001963
EE,5,0,3.35425497586433
EE,5,0,14.580192489829823
EE,5,1,1232.7132599101485
EE,5,1,1.0637718206080755
EE,5,1,1.3563815911417731
EE,5,2,198.1699954745336
EE,5,2,0.8615263819110971
EE,5,2,0.6016768627561654
EE,6,0,0.2492487513476622
EE,6,0,1.0565288694786823
EE,6,0,0.264159031199309
EE,6,0,0.0391885030308971
EE,6,1,0.4606444463945237
EE,6,1,0.0463650976318109
EE,6,1,0.015070063323374
EE,6,2,5.680330155815721
EE,6,2,0.0001354840050593
EE,6,2,0.025432793453911
EL,0,-1,2233183.03405188
EL,0,-1,8549757.39947618
EL,0,-1,3858826.854669203
EL,0,-1,1070214.0788722832
EL,1,0,0.0042297245499247
EL,1,0,7960.398390151785
EL,1,0,105.58306056614548
EL,1,0,58.71063347406752
EL,1,1,3122.2455947575795
EL,1,1,172.09205348314674
EL,1,1,62.60520542123462
EL,1,2,2124.935351848395
EL,1,2,141.3594745033946
EL,1,2,45.96234658036419
EL,2,0,0.0797624125810705
EL,2,1,0.0099671379041622
EL,2,2,0.089729550482443
EL,3,0,2.1591745099189086
EL,3,0,38805.75614649264
EL,3,0,771.545454988522
EL,3,0,475.44913340729977
EL,3,1,0.0001335789802393
EL,3,1,12904.775797354148
EL,3,1,451.74180925392415
EL,3,1,173.32502548028336
EL,3,2,0.0020589726132489
EL,3,2,17854.80048031436
EL,3,2,983.0827279492488
EL,3,2,208.2507852801914
EL,4,0,2.692181228365237
EL,4,0,21410.739152084217
EL,4,0,7.483967439679832
EL,4,0,11.873495228919834
EL,4,1,0.0035970586554286
EL,4,1,6005.533901590704
EL,4,1,4.93459372291005
EL,4,1,7.727091486378479
EL,4,2,0.0009034968978101
EL,4,2,1449.510749343356
EL,4,2,16.625584465395946
EL,4,2,9.765000887230366
EL,5,0,26.617415796956557
EL,5,0,1925.4677636099368
EL,5,0,0.5816240666969372
EL,5,0,4.147781839717057
EL,5,1,321.3277376856161
EL,5,1,0.0794239393909113
EL,5,1,0.4218020844639694
EL,5,2,12.716902027483853
EL,5,2,0.0310464504548136
EL,5,2,0.3428694491577189
EL,6,0,15477.546068726797
EL,6,0,204.679698991499
EL,6,0,39.37575488263367
EL,6,1,42.76343039281296
EL,6,1,0.098397423217585
EL,6,1,0.194720201858993
EL,6,2,13.18022164489277
EL,6,2,0.0047998582066524
ES,0,-1,660725.3643136845
ES,0,-1,32932521.941893943
ES,0,-1,10641614.50603746
ES,0,-1,4931397.6945500765
ES,1,0,8867.444340365648
ES,1,0,90.69010711711796
ES,1,0,31.235209521260625
ES,1,1,6448.158131072188
ES,1,1,131.53552205455935
ES,1,1,26.07973902900005
ES,1,2,5472.103798700006
ES,1,2,187.29905965738533
ES,1,2,45.947799487106494
ES,2,0,406.4006526533024
ES,2,0,19.059245587702883
ES,2,0,4.054688145320055
ES,2,1,141.14920505151957
ES,2,1,12.41207483986425
ES,2,1,2.2427910452986928
ES,2,2,438.064680059332
ES,2,2,5.399794940457136
ES,2,2,1.807873643286659
ES,3,0,7.342710567711375
ES,3,0,59293.05553933508
ES,3,0,662.3833569157202
ES,3,0,270.81386044203265
ES,3,1,13328.99872216034
ES,3,1,490.4734999855782
ES,3,1,203.6008978366186
ES,3,2,25470.51596778864
ES,3,2,837.7153440024009
ES,3,2,244.7324577374822
ES,4,0,44.40893410591974
ES,4,0,37174.55642833952
ES,4,0,42.77747808793335
ES,4,0,27.92041283455036
ES,4,1,12655.254940377938
ES,4,1,35.04317634563299
ES,4,1,19.53591465195968
ES,4,2,3602.604278376282
ES,4,2,61.38821632299691
ES,4,2,34.95332486228102
ES,5,0,399.0885502875436
ES,5,0,14089.056332344762
ES,5,0,22.158466619497965
ES,5,0,37.24283279105239
ES,5,1,0.0007050175721739
ES,5,1,6333.9205671217005
ES,5,1,7.109332899759955
ES,5,1,11.997745824820496
ES,5,2,0.0007050175721739
ES,5,2,1762.2687506934865
ES,5,2,6.228182699545066
ES,5,2,13.466893535431357
ES,6,0,0.0287938259232152
ES,6,0,934966.8465854272
ES,6,0,100391.30500216752
ES,6,0,42024.84512532276
ES,6,1,107756.75273962092
ES,6,1,17611.99346659836
ES,6,1,2697.4289634630927
ES,6,2,0.0003090095792592
ES,6,2,111737.24086646328
ES,6,2,6393.817341241072
ES,6,2,644.6996306981018
FI,0,-1,813474.1612595865
FI,0,-1,11925910.381926188
FI,0,-1,3941863.979155666
FI,0,-1,17073395.53705522
FI,1,0,1114.1435896317382
FI,1,0,289922.7252315092
FI,1,0,2648.768243987869
FI,1,0,7163.555177815168
FI,1,1,0.0001750671947162
FI,1,1,16878.44598092931
FI,1,1,107.00936420357108
FI,1,1,335.3051453446179
FI,1,2,0.0095729316741906
FI,1,2,29228.05956514411
FI,1,2,195.56164277365733
FI,1,2,251.8001299117154
FI,2,0,878.2925072182735
FI,2,0,391202.4757289104
FI,2,0,7557.970053710574
FI,2,0,5496.192603916664
FI,2,1,1.94053412875547e-05
FI,2,1,1970.9479926539057
FI,2,1,8.059056366424912
FI,2,1,33.77425287298397
FI,2,2,14639.076672098246
FI,2,2,12.460388180301267
FI,2,2,47.06360256521985
FI,3,0,148.14057828603882
FI,3,0,50411.97662635131
FI,3,0,1273.1140381476405
FI,3,0,2037.552481681682
FI,3,1,11166.681368671138
FI,3,1,253.43670707784904
FI,3,1,140.43207530025592
FI,3,2,17919.295502911576
FI,3,2,447.4566249644724
FI,3,2,206.52600529078816
FI,4,0,0.9265985608827264
FI,4,0,68.59484062593448
FI,4,0,0.1743819960790391
FI,4,0,0.34548789531404
FI,4,1,3.717498934764363
FI,4,2,0.4369339888593128
FI,5,0,667.6208655663887
FI,5,0,23392.671800736265
FI,5,0,57.57327470421674
FI,5,0,1005.3939341880916
FI,5,1,1728.0938058756478
FI,5,1,1.7682101742877054
FI,5,1,9.537061102765437
FI,5,2,299.99974774337784
FI,5,2,1.93310392785129
FI,5,2,12.285157092465628
FI,6,0,112.62494643569704
FI,6,0,567364.2818866712
FI,6,0,108332.4864938879
FI,6,0,6158.354580818681
FI,6,1,10.1822593300215
FI,6,1,3.578421123434093
FI,6,1,0.0477847486142938
FI,6,2,105.49250582206643
FI,6,2,0.7935138916927654
FI,6,2,0.6153061916956656
FR,0,-1,631742.5589366255
FR,0,-1,36388380.34790263
FR,0,-1,13499097.500022205
FR,0,-1,4145368.133791786
FR,1,0,28873.0035951883
FR,1,0,1074.5901154604076
FR,1,0,979.7299148979446
FR,1,1,14907.476474235564
FR,1,1,1209.7678961800052
FR,1,1,287.57791820536585
FR,1,2,0.0005834180321267
FR,1,2,97775.7959301792
FR,1,2,5003.834314814147
FR,1,2,418.0468651362937
FR,2,0,4533.062078731301
FR,2,0,138.43634857571686
FR,2,0,102.72855198367724
FR,2,1,1674.3883306263797
FR,2,1,68.14614554695613
FR,2,1,40.58735001005802
FR,2,2,3916.0088571395377
FR,2,2,58.035084137109806
FR,2,2,28.058282618820133
FR,3,0,0.0303075540303685
FR,3,0,69564.3547012466
FR,3,0,436.660554848584
FR,3,0,525.7422258909126
FR,3,1,0.0006968878299581
FR,3,1,25649.232086987733
FR,3,1,403.4114886513613
FR,3,1,213.70665154779283
FR,3,2,72389.70743605221
FR,3,2,1060.0091678040128
FR,3,2,287.5914880637204
FR,4,0,0.617780234453494
FR,4,0,19249.374890280884
FR,4,0,8.323028802483917
FR,4,0,9.699063426670062
FR,4,1,4460.465271638247
FR,4,1,9.37860753791985
FR,4,1,12.608925024911066
FR,4,2,0.001125046041966
FR,4,2,2355.402915294116
FR,4,2,28.16022501760165
FR,4,2,7.438311799732567
FR,5,0,11324.873183788635
FR,5,0,133983.91774660305
FR,5,0,47.52496186861303
FR,5,0,259.8339545206653
FR,5,1,31605.683160639644
FR,5,1,52.6447322988943
FR,5,1,257.10996609752203
FR,5,2,0.0132349957670206
FR,5,2,4970.704620836635
FR,5,2,43.679176957496416
FR,5,2,130.8888208934264
FR,6,0,0.0318876683528025
FR,6,0,273579.4576778766
FR,6,0,40156.32153880852
FR,6,0,33762.73573167978
FR,6,1,42414.62571385435
FR,6,1,7226.053663092169
FR,6,1,3545.6146372550047
FR,6,2,243631.5484244947
FR,6,2,8751.686272819867
FR,6,2,1659.7859357109692
HR,0,-1,587421.0842212896
HR,0,-1,3094517.4795003105
HR,0,-1,2283174.636120709
HR,0,-1,239043.4755591815
HR,1,0,0.0100322139958639
HR,1,0,28237.704444616724
HR,1,0,5850.5262883667465
HR,1,0,442.1792370563696
HR,1,1,0.0046914478221543
HR,1,1,9884.025497663097
HR,1,1,2067.5063297539587
HR,1,1,335.95867054631503
HR,1,2,0.009027225451864
HR,1,2,80389.81244470182
HR,1,2,6205.363064051845
HR,1,2,177.61869229097826
HR,2,0,0.0004700434550425
HR,2,0,87.56392770792506
HR,2,0,35.87653915544332
HR,2,0,26.176892715449952
HR,2,1,0.1796268965400497
HR,2,1,0.1745270289339896
HR,2,1,0.084115735817353
HR,2,2,5.889569974308436
HR,2,2,0.0120491096436447
HR,2,2,0.0010728576273576
HR,3,0,9927.910058200512
HR,3,0,1261.8988496583993
HR,3,0,2748.2779647819584
HR,3,1,2754.328599647257
HR,3,1,140.35163422051244
HR,3,1,301.8928040689069
HR,3,2,13328.02874080809
HR,3,2,433.6439351552942
HR,3,2,836.2688510832609
HR,4,0,2094.639328016213
HR,4,0,0.1732330444829905
HR,4,0,0.2307748362633513
HR,4,1,2711.284716389587
HR,4,1,0.0273536930786527
HR,4,1,0.1974947514261853
HR,4,2,1590.9949345962536
HR,4,2,0.2475157579603268
HR,4,2,1.6032858620925867
HR,5,0,8.23903471388204
HR,5,0,4707.095231534337
HR,5,0,8.347743984598965
HR,5,0,18.27775906158052
HR,5,1,1022.917813127296
HR,5,1,0.2519136380806506
HR,5,1,0.8202812034017898
HR,5,2,0.0013400781858634
HR,5,2,695.6209868500146
HR,5,2,0.7013598080599243
HR,5,2,1.52657893068026
HR,6,0,7981.800085666482
HR,6,0,1131.4901951664065
HR,6,0,478.0722655587995
HR,6,1,119.17697914706338
HR,6,1,23.83396354628755
HR,6,1,1.4773029784273175
HR,6,2,688.02687800506
HR,6,2,36.20135286641894
HR,6,2,0.5081087184359794
HU,0,-1,18328.19152928166
HU,0,-1,6532588.784587468
HU,0,-1,2148930.6702741445
HU,0,-1,147217.4760496884
HU,1,0,82.15805860981432
HU,1,0,86081.44423112762
HU,1,0,14089.764081274036
HU,1,0,214.7686156350897
HU,1,1,25.224328085674827
HU,1,1,46320.28625538696
HU,1,1,13104.208431133802
HU,1,1,184.67965468109253
HU,1,2,78.27514424135097
HU,1,2,298045.16935910244
HU,1,2,17281.132132603467
HU,1,2,177.09840303856475
HU,2,0,1.7982005830664352
HU,2,0,0.0207797782350451
HU,2,0,0.0055204985466313
HU,2,1,0.3305232959711192
HU,2,2,6.719228036227484
HU,5,0,0.0299098501611243
HU,6,2,0.0697896503771966
IE,-999,0,9.131502813980951
IE,0,-1,477582.9863499116
IE,0,-1,3851286.0633484665
IE,0,-1,380332.4971218701
IE,0,-1,368816.2280592175
IE,1,0,6095.925246923272
IE,1,0,206.06701692466635
IE,1,0,74.7374721356613
IE,1,1,7685.302133845261
IE,1,1,309.6722368303278
IE,1,1,121.03503845748357
IE,1,2,0.0048977297928732
IE,1,2,29257.00720570081
IE,1,2,701.9772540452353
IE,1,2,85.29741186026996
IE,2,0,0.0019045800536909
IE,2,0,1094361.1123047017
IE,2,0,15323.563718895895
IE,2,0,3804.403717813536
IE,2,1,252835.82128255945
IE,2,1,10538.053465931916
IE,2,1,637.2128588404905
IE,2,2,0.0350924876463767
IE,2,2,1117925.2178662373
IE,2,2,29162.50834442882
IE,2,2,588.4999468781195
IE,3,0,3482.0465869555064
IE,3,0,40.8247937345058
IE,3,0,3.793990618895777
IE,3,1,3208.5720438866565
IE,3,1,73.59342615039849
IE,3,1,7.681602549185972
IE,3,2,0.0068226818098833
IE,3,2,16614.378025119226
IE,3,2,147.54479903817932
IE,3,2,9.176596377780536
IE,4,0,0.0009236578802189
IE,4,0,1.2044006262176872
IE,4,1,11.664254712665938
IE,4,1,0.0106844430151099
IE,4,2,34.7282645396862
IE,4,2,0.3174216088803643
IE,4,2,0.1706820919851466
IE,5,0,9846.871635837178
IE,5,0,85443.96744737896
IE,5,0,35.37462602967732
IE,5,0,86.81460098316042
IE,5,1,39845.97417441688
IE,5,1,40.40526709197461
IE,5,1,141.8240933650746
IE,5,2,9050.32507618634
IE,5,2,94.55790573973523
IE,5,2,71.31244588311475
IE,6,0,0.0034400468238242
IE,6,0,19345.561303943006
IE,6,0,309.52773996191223
IE,6,0,22.263376440790125
IE,6,1,1550.5515767619474
IE,6,1,29.97729776430103
IE,6,1,1.9517845858901488
IE,6,2,2624.4562283745986
IE,6,2,45.13758939550479
IE,6,2,1.4912781845490926
IE,7,0,628.0010048995766
IE,7,0,100.32736421747786
IS,-999,0,28685.195861311677
IS,-999,0,32.400203626677424
IS,-999,0,0.6398549693914061
IS,0,-1,624312.4088750603
IS,0,-1,6898216.014075624
IS,0,-1,21410.772008636617
IS,0,-1,8944.731453172602
IS,1,0,0.009523282694657
IS,1,0,128551.5075203228
IS,1,0,74.09060424383456
IS,1,0,16.417505267988755
IS,1,1,0.004581234774771
IS,1,1,20643.93687830138
IS,1,1,30.069450601698183
IS,1,1,8.100753486249795
IS,1,2,0.0094303753018761
IS,1,2,22803.833883931027
IS,1,2,25.22146311886573
IS,1,2,8.01603553161054
IS,2,0,0.0062869168678685
IS,2,0,30729.28047740497
IS,2,0,6.708900077932668
IS,2,0,0.0561560845158496
IS,2,1,1806.35657683628
IS,2,1,1.4119581937632033
IS,2,2,2286.3931130488204
IS,2,2,0.6502779058854993
IS,3,0,1.33472881010445
IS,3,0,24063.911784858345
IS,3,0,22.968594690879875
IS,3,0,0.8838172767625713
IS,3,1,3208.455153535733
IS,3,1,3.488850569474411
IS,3,1,0.3251818230824022
IS,3,2,0.0005628556270437
IS,3,2,5230.506050771482
IS,3,2,5.591876933474516
IS,3,2,0.112014725770351
IS,4,0,56.243869658447046
IS,4,0,937.204426018455
IS,4,1,72.57791280897322
IS,4,2,2.735428052532615
IS,5,0,13532.079992320036
IS,5,0,118816.71447714337
IS,5,0,9.904625103852986
IS,5,0,3.800624567134581
IS,5,1,9200.091006485354
IS,5,1,1.1239132312265208
IS,5,1,4.982193884079947
IS,5,2,3447.547359927071
IS,5,2,5.075637580518402
IS,5,2,1.9761477591439105
IS,6,0,0.0222572486054135
IS,6,0,3058019.31676419
IS,6,0,5332.850487717135
IS,6,0,898.1938723369349
IS,6,1,0.0137662396331928
IS,6,1,56581.927204691885
IS,6,1,288.450457173004
IS,6,1,57.38708690870593
IS,6,2,0.0087254529506285
IS,6,2,37190.22757866891
IS,6,2,131.31825878583797
IS,6,2,38.78030769033405
IS,7,0,6382.103077621823
IT,0,-1,1031664.4518251003
IT,0,-1,18451982.150993407
IT,0,-1,9499276.51385696
IT,0,-1,1344168.6862135225
IT,1,0,0.0015766869354714
IT,1,0,3982.8169378229536
IT,1,0,254.87879937204
IT,1,0,53.405964789264
IT,1,1,0.0070744697246103
IT,1,1,2547.8097075087785
IT,1,1,225.6638565950724
IT,1,1,30.925622749738995
IT,1,2,0.0015766869353978
IT,1,2,7935.185952583706
IT,1,2,727.7458021448194
IT,1,2,46.1243459271344
IT,2,0,32.39235442853744
IT,2,0,16.935390561857794
IT,2,0,1.934311019716762
IT,2,1,7.171220353409195
IT,2,1,1.5084832906036203
IT,2,1,0.146341279489984
IT,2,2,81.12036687241199
IT,2,2,3.3373481174626125
IT,2,2,0.35413433816024
IT,3,0,1.2631999924643558
IT,3,0,28956.54200263331
IT,3,0,1283.208686418007
IT,3,0,740.5273946312731
IT,3,1,0.0038385331576436
IT,3,1,11084.78540351926
IT,3,1,942.536410482995
IT,3,1,339.28290292012167
IT,3,2,0.0075581656154938
IT,3,2,18397.15002102359
IT,3,2,1702.2363433971675
IT,3,2,380.836741879374
IT,4,0,65.99738652374442
IT,4,0,18241.2209770758
IT,4,0,10.866605297310509
IT,4,0,24.070162167957047
IT,4,1,0.0080059507896531
IT,4,1,10682.9114030951
IT,4,1,9.359709124605049
IT,4,1,15.288248098320024
IT,4,2,4388.874629854479
IT,4,2,25.17156749594561
IT,4,2,21.50899475765984
IT,5,0,1955.585956197435
IT,5,0,30928.49589041669
IT,5,0,43.24677277153921
IT,5,0,52.35053892836438
IT,5,1,0.0031533738707957
IT,5,1,4969.836111982298
IT,5,1,15.591152892823589
IT,5,1,19.59970454223873
IT,5,2,630.325028419717
IT,5,2,16.523761558124114
IT,5,2,29.53268935726268
IT,6,0,0.0281276190730314
IT,6,0,387893.5632011528
IT,6,0,155675.59968105436
IT,6,0,185859.08078820555
IT,6,1,14008.943078144945
IT,6,1,15990.476684197078
IT,6,1,12861.858418588594
IT,6,2,106382.56154578102
IT,6,2,19956.3048268872
IT,6,2,3097.4946134707625
LI,0,-1,4.939648842157588
LI,0,-1,7302.656978282037
LI,0,-1,2630.4211356160263
LI,0,-1,4073.503401626476
LI,1,0,9.7164345295922
LI,1,0,0.2538031291264849
LI,1,0,0.0039720879050191
LI,1,1,23.26774993015901
LI,1,1,1.241362109146943
LI,1,1,0.0004708855562063
LI,1,2,11.34241358378843
LI,1,2,0.2228577949881661
LI,1,2,0.0033266674984126
LI,2,0,0.0165945460627003
LI,2,1,0.2027443551215127
LI,2,2,0.0299098501611243
LI,6,0,1033.7485119066612
LI,6,0,118.23305610514744
LI,6,0,461.0129471699066
LI,6,1,0.0036726772792658
LI,6,1,41.907737012705226
LI,6,1,15.919526010817918
LI,6,1,8.757443316987645
LI,6,2,0.0056273270304431
LI,6,2,253.3057087852389
LI,6,2,9.84386337921736
LI,6,2,2.0561129538828697
LT,0,-1,143065.3671101562
LT,0,-1,4072372.237098051
LT,0,-1,1257882.430434682
LT,0,-1,1067448.7151039909
LT,1,0,787.0065696215778
LT,1,0,16203.003516388111
LT,1,0,951.067725512456
LT,1,0,265.4724307074222
LT,1,1,73.82871454470292
LT,1,1,10975.227046236969
LT,1,1,576.6784774914518
LT,1,1,65.4068457504399
LT,1,2,165.987484122791
LT,1,2,53439.64036181665
LT,1,2,1046.2522186406304
LT,1,2,62.98729179616153
LT,2,0,313.1350973641308
LT,2,0,21246.57654947977
LT,2,0,894.8088129216842
LT,2,0,2680.7797009913024
LT,2,1,12.05471276414126
LT,2,1,1796.4072449520793
LT,2,1,65.88899434460366
LT,2,1,60.44059809680184
LT,2,2,22.96655444133815
LT,2,2,20412.97064161848
LT,2,2,90.2224089394718
LT,2,2,43.30575840775145
LT,3,0,3.4894825188244942
LT,3,0,41.1443885061717
LT,3,0,0.1711830926433014
LT,3,0,0.483327729472423
LT,3,1,2.3798533572839293
LT,3,1,0.214679260359158
LT,3,1,0.015253414509868
LT,3,2,0.0023660006547507
LT,3,2,69.69022952912556
LT,3,2,0.0384132532469441
LT,4,2,0.2691886514515136
LT,5,0,6.273043404941598
LT,5,0,4633.064581412398
LT,5,0,0.552953392702495
LT,5,0,0.4883653392345818
LT,5,1,137.5615489105265
LT,5,1,0.0707437809079046
LT,5,1,0.2149019488140507
LT,5,2,13.861994795275182
LT,5,2,0.0224143606424007
LT,5,2,0.0253558331320472
LT,6,0,0.4586177024736725
LT,6,0,1.5002819793711717
LT,6,0,0.1024619374625965
LT,6,0,0.0522677920937114
LT,6,1,0.1351047170130304
LT,6,1,0.039660653341776
LT,6,2,0.5805891760368381
LU,0,-1,12.44478494955075
LU,0,-1,160143.79145872736
LU,0,-1,77869.1907380017
LU,0,-1,21464.34288910844
LU,1,0,1.110131508587164
LU,1,0,0.0229357796876236
LU,1,1,0.0219645513376304
LU,1,1,0.0260450358122915
LU,1,1,0.0014945419647868
LU,1,2,6.234474176690093
LU,1,2,0.0493173974700099
LU,1,2,0.00780122546963
LU,2,0,0.9161889950859664
LU,2,0,0.6293941876580523
LU,2,0,0.0279643672273511
LU,2,1,1.7921869351139044
LU,2,1,0.7265756764660787
LU,2,1,0.0266679531610762
LU,2,2,40.7937799422083
LU,2,2,0.7762154463926325
LU,2,2,0.016230593036761
LU,6,0,5.042525059899031
LU,6,0,6.592618070767747
LU,6,0,0.2953328276152144
LU,6,1,9.897148112580147
LU,6,1,6.027053218513274
LU,6,1,0.1802926203580643
LU,6,2,22.5047097628142
LU,6,2,4.721283840918354
LV,0,-1,151894.07583553475
LV,0,-1,2828175.968554327
LV,0,-1,1872474.5928045064
LV,0,-1,1481448.856040966
LV,1,0,105.911173805584
LV,1,0,31495.92322655605
LV,1,0,3322.1333539297484
LV,1,0,638.94468522697
LV,1,1,29.08471886021677
LV,1,1,10852.524871769196
LV,1,1,1105.3086849174476
LV,1,1,115.3227242885118
LV,1,2,42.03568895927254
LV,1,2,47615.76958570733
LV,1,2,2081.1075486837094
LV,1,2,95.8976518925558
LV,2,0,969.5718087920524
LV,2,0,101216.022091234
LV,2,0,5337.064403160697
LV,2,0,28401.16516512551
LV,2,1,53.333606804846994
LV,2,1,4368.103308492582
LV,2,1,298.39167742461126
LV,2,1,427.5368125975485
LV,2,2,32.13290381330883
LV,2,2,62206.03201308641
LV,2,2,333.49704553688326
LV,2,2,59.499342966953016
LV,3,0,77.01498511610022
LV,3,0,0.0392432993085567
LV,3,0,0.0266818024068679
LV,3,1,45.34498357985783
LV,3,1,0.2680560513484642
LV,3,1,0.0317479793149611
LV,3,2,435.0204155937954
LV,3,2,1.4384023791356555
LV,3,2,0.0222024900998861
LV,4,0,8.99053423029338
LV,4,0,0.0065115330952041
LV,4,0,0.0121971873945057
LV,4,1,20.13582795851737
LV,4,1,0.0177146751068865
LV,4,1,0.0781260410383989
LV,4,2,8.971237254947539
LV,4,2,0.020738368222002
LV,5,0,53.69601199812389
LV,5,0,327.69556662955404
LV,5,0,0.0853129293556845
LV,5,1,54.806844835464304
LV,5,1,0.1481609466890033
LV,5,1,0.0133758868655248
LV,5,2,8.252672626641747
LV,5,2,0.1664696211126295
LV,5,2,0.0768740524393611
LV,6,0,0.0712531679863782
LV,6,1,0.4147158710921837
LV,6,1,0.0088099585845653
LV,6,2,0.5387032826557757
LV,6,2,0.0044350066288868
ME,0,-1,19869.61828178223
ME,0,-1,631281.1650600658
ME,0,-1,605874.2074027736
ME,0,-1,143036.55502123636
ME,1,0,9202.051141938477
ME,1,0,630.0013148551176
ME,1,0,363.7209025426317
ME,1,1,744.3248441384791
ME,1,1,148.53807475098716
ME,1,1,36.27730633989748
ME,1,2,1364.7573616756415
ME,1,2,519.0730554814897
ME,1,2,18.695722677535112
ME,2,0,5.43083464295294
ME,2,0,0.1598020701163168
ME,2,0,0.1390532636997461
ME,2,1,0.0398798002160723
ME,2,2,0.1395793007553232
ME,3,0,182.11396380900237
ME,3,0,18.609115190536016
ME,3,0,12.837324796138835
ME,3,1,62.76339507345259
ME,3,1,13.049331522195294
ME,3,1,3.885923007273021
ME,3,2,112.8270761050664
ME,3,2,30.170775412856575
ME,3,2,1.2908677315487076
ME,4,0,1287.5894072328122
ME,4,0,0.1662551847751734
ME,4,0,0.0643664984355246
ME,4,1,268.30959729329294
ME,4,1,0.2826050915520445
ME,4,1,0.1227472784030051
ME,4,2,41.30963992408858
ME,4,2,0.5017230385770317
ME,4,2,0.5028214569795728
ME,5,0,1.0269048555475886
ME,5,0,450.4250171711869
ME,5,0,1.123235419720786
ME,5,0,2.322213579611544
ME,5,1,136.91809709726812
ME,5,1,0.071573475293642
ME,5,1,0.181316803779679
ME,5,2,17.334482134447985
ME,5,2,0.1569715288861584
ME,5,2,0.4804707734850331
ME,6,0,3373.611891722036
ME,6,0,598.0208619636791
ME,6,0,247.37599538630732
ME,6,1,17.20921942790368
ME,6,1,7.18197040709992
ME,6,1,2.448096849803185
ME,6,2,18.479650067355323
ME,6,2,7.204202335368238
ME,6,2,2.2463235856782657
MK,0,-1,30.459625089589103
MK,0,-1,1319027.6438504944
MK,0,-1,1146255.0774391391
MK,0,-1,69318.37247281463
MK,1,0,967.199830150531
MK,1,0,10.510684668253424
MK,1,0,12.951454422143748
MK,1,1,0.0017023989559909
MK,1,1,628.2383840219686
MK,1,1,30.9782442052025
MK,1,1,8.101490830822625
MK,1,2,1057.396248119082
MK,1,2,74.95099883250838
MK,1,2,6.468668720645882
MK,2,0,1.5951920086149949
MK,2,1,0.3371262085724913
MK,2,1,0.000360592320668
MK,2,2,0.0114614509863142
MK,6,0,0.0034922171502883
MK,6,0,5499.661555763655
MK,6,0,227.38315308335507
MK,6,0,206.55600000524464
MK,6,1,2.5582358965650576
MK,6,1,0.1129328437426081
MK,6,2,4.5088219299658885
MK,6,2,0.9719825257571018
MK,6,2,0.0199399001080361
NL,0,-1,115239.1778233619
NL,0,-1,3129039.0524395867
NL,0,-1,277731.321310086
NL,0,-1,145538.64408898188
NL,1,0,20393.400545147048
NL,1,0,1464.0910913795765
NL,1,0,113.47350820524758
NL,1,1,10384.229948446902
NL,1,1,571.7762011333085
NL,1,1,60.08822887864061
NL,1,2,0.0204745396928346
NL,1,2,82166.49463325247
NL,1,2,1497.7921107358202
NL,1,2,131.63962556736274
NL,2,0,0.0118330430405932
NL,2,0,6138.178937611485
NL,2,0,138.2939211389774
NL,2,0,13.9484266235287
NL,2,1,1422.382241945216
NL,2,1,48.55741978895652
NL,2,1,2.803810625345853
NL,2,2,4500.352680865245
NL,2,2,25.2636893394883
NL,2,2,3.5979720512148115
NL,3,0,16056.898183638894
NL,3,0,307.6418574468583
NL,3,0,38.12116938328575
NL,3,1,4089.413735442333
NL,3,1,70.67361248972463
NL,3,1,20.164904395289184
NL,3,2,0.0146487641820973
NL,3,2,31013.832604624928
NL,3,2,177.32696655652646
NL,3,2,18.75668800779489
NL,4,0,10.650697845373756
NL,4,0,0.0164270319132273
NL,4,0,0.0176422917495074
NL,4,1,6.441970912499116
NL,4,1,0.0151222290047509
NL,4,2,4.947578770844483
NL,4,2,0.0249975288927831
NL,4,2,0.0030489154782312
NL,5,0,8860.131738254604
NL,5,0,74496.48085699292
NL,5,0,28.66640540031953
NL,5,0,9.127358584503426
NL,5,1,6986.201569036366
NL,5,1,12.896419314773327
NL,5,1,3.839024340960213
NL,5,2,0.0070004450635229
NL,5,2,2001.4585673485683
NL,5,2,16.960608601304767
NL,5,2,1.3648649005698734
NL,6,0,0.0027953001803782
NL,6,0,13315.14725836378
NL,6,0,96.36478533499682
NL,6,0,5.674556519493822
NL,6,1,1335.5838511342956
NL,6,1,22.395503200319645
NL,6,1,1.0363316475157
NL,6,2,394.1500819852259
NL,6,2,8.279809031650487
NL,6,2,0.52923369967511
NO,0,-1,3299072.463954754
NO,0,-1,14318284.386433048
NO,0,-1,5061470.283606403
NO,0,-1,5529003.564621728
NO,1,0,232.9749381331904
NO,1,0,8998.417309912367
NO,1,0,278.88467744928016
NO,1,0,624.0378557717373
NO,1,1,899.7265980645102
NO,1,1,33.6489654792491
NO,1,1,31.9338403452098
NO,1,2,1643.7774182587498
NO,1,2,81.42148408603431
NO,1,2,32.089571939174654
NO,2,0,624.415769830452
NO,2,0,983691.9120246408
NO,2,0,143113.2431415674
NO,2,0,16421.5248789595
NO,2,1,27780.872632772716
NO,2,1,3396.883955119252
NO,2,1,546.8392039387576
NO,2,2,68105.54157916996
NO,2,2,3998.089514229372
NO,2,2,618.5363642956986
NO,3,0,0.0097704990360649
NO,3,0,6247.0002528227415
NO,3,0,480.13180021507617
NO,3,0,152.55294508584873
NO,3,1,1503.2705738395073
NO,3,1,49.93194434041715
NO,3,1,32.40361876943023
NO,3,2,2620.273469466705
NO,3,2,211.11664676341988
NO,3,2,39.74390925770617
NO,4,0,472.8196506350102
NO,4,0,4.323773311272412
NO,4,0,13.374397603765946
NO,4,1,683.116767964667
NO,4,1,0.728846363791832
NO,4,1,2.1209075569543527
NO,4,2,100.24749197863046
NO,4,2,0.6589623927253034
NO,4,2,2.195345963726058
NO,5,0,1048.3587352663028
NO,5,0,264952.69180361903
NO,5,0,9672.526334831427
NO,5,0,8182.127390132326
NO,5,1,48788.04738757563
NO,5,1,1238.2784094477213
NO,5,1,892.7205436778354
NO,5,2,21378.778320849982
NO,5,2,3810.798654487849
NO,5,2,1273.1038871739645
NO,6,0,528.475150929628
NO,6,0,5979033.475633241
NO,6,0,1039959.6840834311
NO,6,0,87290.28953332857
NO,6,1,50336.38928265001
NO,6,1,21468.58170338537
NO,6,1,3369.168344311549
NO,6,2,146169.21523354933
NO,6,2,19702.32313193181
NO,6,2,1766.7768645475544
PL,0,-1,254102.43860460125
PL,0,-1,19842654.948871862
PL,0,-1,4622587.428486324
PL,0,-1,6294023.258464824
PL,1,0,655.8276704582398
PL,1,0,71149.86551805882
PL,1,0,6111.2295843798665
PL,1,0,916.6037813873244
PL,1,1,129.18780820214593
PL,1,1,40693.13689168551
PL,1,1,4180.349543658388
PL,1,1,328.8436331332396
PL,1,2,393.4784480655254
PL,1,2,356991.9004562704
PL,1,2,14828.423867299469
PL,1,2,530.9806420293751
PL,2,0,6.000049401351095
PL,2,0,1966.0514151521395
PL,2,0,65.33959586427301
PL,2,0,398.0929395568913
PL,2,1,0.6787022964720737
PL,2,1,319.83165074632734
PL,2,1,14.331760167934172
PL,2,1,21.92364612772538
PL,2,2,2.7191117344863485
PL,2,2,3230.6098366662827
PL,2,2,54.12258946440608
PL,2,2,11.089292044994757
PL,3,0,4.3748311115295975
PL,3,0,50.96968339645873
PL,3,0,0.319452761961365
PL,3,0,0.229946905491665
PL,3,1,19.79947301210621
PL,3,1,0.0980282353417719
PL,3,1,0.125607407004132
PL,3,2,298.44780260112213
PL,3,2,1.1684123078161708
PL,3,2,0.5802203752041885
PL,4,0,4.390360719410028
PL,4,0,0.0007528423224208
PL,4,1,0.8506611041384448
PL,4,2,0.1530323160860288
PL,5,0,25.22542773188361
PL,5,0,1953.0759145904572
PL,5,0,0.8829139118669987
PL,5,0,0.2910476369511146
PL,5,1,371.6571201956028
PL,5,1,0.7938709017347962
PL,5,1,0.162644176898754
PL,5,2,66.99334709697077
PL,5,2,0.6243558366828248
PL,5,2,0.1420532624453688
PL,6,0,23.54514221408778
PL,6,0,7123.031674498728
PL,6,0,971.9734490276164
PL,6,0,2388.026079328191
PL,6,1,1.537035589770308
PL,6,1,217.81719979690035
PL,6,1,55.60259226032648
PL,6,1,71.27390519588158
PL,6,2,12.105625924131576
PL,6,2,2097.926125363786
PL,6,2,84.64693134380808
PL,6,2,25.67830373360921
PT,0,-1,155617.4422214813
PT,0,-1,5688395.958578926
PT,0,-1,2497959.726180605
PT,0,-1,410600.3866224228
PT,1,0,671.9444730817482
PT,1,0,18.831652970837823
PT,1,0,9.083110598931665
PT,1,1,1278.540487139788
PT,1,1,23.902040700465065
PT,1,1,3.3012850544094805
PT,1,2,2157.706294322631
PT,1,2,128.1026894697788
PT,1,2,18.253522713420693
PT,2,0,4.080289981627955
PT,2,0,2.4226911774998383
PT,2,0,0.3525339385566469
PT,2,1,2.047342551951563
PT,2,1,0.2909275561344548
PT,2,1,0.0054074608709642
PT,2,2,10.33926105192654
PT,2,2,0.3867107893577913
PT,2,2,0.0098940851342872
PT,3,0,0.4685876525290856
PT,3,0,14960.961971269551
PT,3,0,476.6919226769919
PT,3,0,142.11581597037434
PT,3,1,0.0022651593627992
PT,3,1,4617.881985453211
PT,3,1,162.84403988703582
PT,3,1,47.01368949900365
PT,3,2,3985.6165967402376
PT,3,2,431.0816530003248
PT,3,2,60.28991209619216
PT,4,0,84.23618253103199
PT,4,0,13295.451579531358
PT,4,0,3.081180421990466
PT,4,0,3.896705878133211
PT,4,1,5500.169415473932
PT,4,1,5.899248025140753
PT,4,1,3.757844919802961
PT,4,2,1887.964728779252
PT,4,2,6.51650849817562
PT,4,2,8.396521695360848
PT,5,0,642.8130773923854
PT,5,0,13678.219016423029
PT,5,0,0.0697896503776615
PT,5,0,0.2180488661293173
PT,5,1,1308.0984747769223
PT,5,1,0.0383438164744069
PT,5,2,105.0893553461155
PT,6,0,0.0075195526312362
PT,6,0,177191.89885764488
PT,6,0,14146.739151921753
PT,6,0,2811.934438346509
PT,6,1,1.4996595377304923e-06
PT,6,1,40539.2689479672
PT,6,1,4753.427775901033
PT,6,1,806.7792118157142
PT,6,2,32855.57138913787
PT,6,2,2680.8378460710164
PT,6,2,302.85923831525207
RO,0,-1,206495.50743131028
RO,0,-1,13744954.767596511
RO,0,-1,6556232.234301456
RO,0,-1,1653185.6244468838
RO,1,0,4076.553477202036
RO,1,0,280086.7741075831
RO,1,0,47499.59892072458
RO,1,0,625.2551224695437
RO,1,1,334.79668513229115
RO,1,1,61693.69167515744
RO,1,1,14227.223265677008
RO,1,1,239.0435557279155
RO,1,2,468.77229681808905
RO,1,2,804499.9039407896
RO,1,2,14942.5328432247
RO,1,2,176.82250898888054
RO,2,0,0.119639400646822
RO,2,0,126.08554376966472
RO,2,0,31.153412598253567
RO,2,0,51.649307650798335
RO,2,1,0.0013001301739041
RO,2,1,35.374398595068534
RO,2,1,12.369424724885432
RO,2,1,10.675151311654885
RO,2,2,0.0086698198796489
RO,2,2,1105.4016603099776
RO,2,2,63.768900205920005
RO,2,2,30.26855434931906
RO,3,0,281.6814234706415
RO,3,0,20143.527134122724
RO,3,0,5.279095268323864
RO,3,0,0.1134953471905592
RO,3,1,76.0175437594558
RO,3,1,3890.3312940742753
RO,3,1,5.855176727355906
RO,3,1,0.6913660429782522
RO,3,2,105.51958719005188
RO,3,2,10760.9067173134
RO,3,2,2.6354401581283606
RO,3,2,0.0460666886876138
RO,4,0,13.723238576554303
RO,4,0,5120.874046177295
RO,4,0,0.5013653168962439
RO,4,1,0.8413225266155434
RO,4,1,993.48943940977
RO,4,1,0.5193258112857552
RO,4,2,1.5037268610135244e-06
RO,4,2,47.487956258251096
RO,4,2,0.0312394941236028
RO,5,0,0.9408145618808628
RO,5,0,30.55046146726859
RO,5,1,0.1769245985530247
RO,5,2,0.3389783018315002
RO,6,0,1171.1357278491969
RO,6,0,246809.6781225595
RO,6,0,52767.889623676674
RO,6,0,56682.71646117406
RO,6,1,93.2518680272588
RO,6,1,20619.325742889505
RO,6,1,9793.05554081448
RO,6,1,3365.213802447396
RO,6,2,171.19548086499688
RO,6,2,240089.31022276345
RO,6,2,29352.96278259232
RO,6,2,3109.4715198892736
RS,0,-1,84.01075741059154
RS,0,-1,4840996.229633674
RS,0,-1,3517158.5927638067
RS,0,-1,230175.28649467
RS,1,0,0.0036927938136483
RS,1,0,25378.830737713502
RS,1,0,5036.991856610174
RS,1,0,213.5825681300248
RS,1,1,0.0039277430976886
RS,1,1,24140.876605301422
RS,1,1,3898.8131957598807
RS,1,1,161.93154132228565
RS,1,2,0.004188040806472
RS,1,2,184419.3782675002
RS,1,2,3831.9379852456977
RS,1,2,77.15228374386743
RS,2,0,8.953877980356035
RS,2,0,0.11958587303296
RS,2,1,2.741167076239402
RS,2,2,1.4916147055593532
RS,2,2,0.0072659610271544
RS,4,0,10.41449995115592
RS,4,1,8.35160219668678
RS,4,1,0.0120279586887554
RS,4,2,0.0299098501587995
RS,6,0,0.0228783211780297
RS,6,0,3397.138091091545
RS,6,0,362.3523717153311
RS,6,0,157.8343344124674
RS,6,1,5.178916122850998
RS,6,1,1.3200134505755572
RS,6,2,10.977079995368578
RS,6,2,1.8745407810624584
RS,6,2,0.0008035266019097
SE,0,-1,1043305.0604492592
SE,0,-1,15853006.149008786
SE,0,-1,5298935.018964702
SE,0,-1,20311383.287190694
SE,1,0,0.0172263271768697
SE,1,0,274881.52132894285
SE,1,0,4735.533964322338
SE,1,0,14950.250425123671
SE,1,1,0.0046790151578598
SE,1,1,18774.707997320784
SE,1,1,735.8858956496767
SE,1,1,115.75531995322636
SE,1,2,0.0381856701449094
SE,1,2,42880.57081209202
SE,1,2,1511.4738725941586
SE,1,2,94.3544534237408
SE,2,0,0.0150734261267729
SE,2,0,609802.6228508207
SE,2,0,140449.48788797203
SE,2,0,58378.092777221056
SE,2,1,0.0014706203052365
SE,2,1,10107.636040549676
SE,2,1,808.5907142466808
SE,2,1,1116.2739863897727
SE,2,2,0.0233921260479361
SE,2,2,166370.9995062488
SE,2,2,630.3107497884977
SE,2,2,395.4554828969622
SE,3,0,4.729169975141032
SE,3,0,18096.46229068276
SE,3,0,590.2417771329444
SE,3,0,1082.675428881911
SE,3,1,4166.1473881305465
SE,3,1,102.49881599415389
SE,3,1,67.49701174661662
SE,3,2,0.0025165834038796
SE,3,2,13205.393702430958
SE,3,2,174.1573685602617
SE,3,2,63.95905615594391
SE,4,0,0.4612453336730978
SE,4,0,1957.5680151740105
SE,4,0,3.633741164093767
SE,4,0,12.390026234425388
SE,4,1,1217.4330840996854
SE,4,1,0.6303719585406703
SE,4,1,0.6414042416591282
SE,4,2,212.20770923186168
SE,4,2,1.0221307391371788
SE,4,2,0.7772805864956801
SE,5,0,69.05929668875694
SE,5,0,9878.118727267143
SE,5,0,18.547487640971315
SE,5,0,127.49338208449824
SE,5,1,0.0028310438392255
SE,5,1,2847.916057747859
SE,5,1,1.7916394098670665
SE,5,1,2.932814423806174
SE,5,2,712.4491407848542
SE,5,2,2.128321731457486
SE,5,2,3.4815941552474774
SE,6,0,0.0351207484500617
SE,6,0,2430785.9568374497
SE,6,0,354448.11809277657
SE,6,0,55375.59503776771
SE,6,1,446.1476583047725
SE,6,1,248.33101094920883
SE,6,1,33.181012534194146
SE,6,2,873.6745418464079
SE,6,2,169.51544034519958
SE,6,2,46.05035946089083
SI,0,-1,5178.797191958448
SI,0,-1,716819.041294826
SI,0,-1,899458.7926607472
SI,0,-1,366163.0345415309
SI,1,0,1512.2592194050492
SI,1,0,68.35652886506121
SI,1,0,5.874688523532351
SI,1,1,391.73918797337785
SI,1,1,17.325536670884564
SI,1,1,8.627515337775309
SI,1,2,1192.0969994265322
SI,1,2,39.7457885360492
SI,1,2,3.8069868595500993
SI,2,0,48.96990299048596
SI,2,0,29.63197545316281
SI,2,0,5.783358637379773
SI,2,1,4.582942796733137
SI,2,1,3.156373662548654
SI,2,1,0.2017797264846766
SI,2,2,14.534630980422612
SI,2,2,1.3082559750990763
SI,2,2,0.1138331862363076
SI,3,0,78.62132159638888
SI,3,0,0.0751331573371609
SI,3,0,1.3546639953057755
SI,3,1,95.63823635514184
SI,3,1,0.0298405141419193
SI,3,1,0.0716555025852163
SI,3,2,375.18996021265366
SI,3,2,2.085240744742963
SI,3,2,0.3656304578961088
SI,4,0,414.6846770336119
SI,4,1,100.96174894151454
SI,4,1,0.0857344662186882
SI,4,1,0.2234915418942639
SI,4,2,24.354102629862684
SI,4,2,0.404989577113808
SI,4,2,0.7201442122318561
SI,5,0,123.3064937130226
SI,5,0,0.0075964131597424
SI,5,0,0.0107439934587248
SI,5,1,56.80214912207788
SI,5,1,0.0701120320745162
SI,5,1,0.3167334125019597
SI,5,2,20.1215651728096
SI,5,2,0.7292514062782761
SI,5,2,2.3797350879838506
SI,6,0,0.0063791825502806
SI,6,0,11579.620617284874
SI,6,0,5373.33386410091
SI,6,0,9631.796504501184
SI,6,1,824.1028675787256
SI,6,1,736.3872737670011
SI,6,1,1046.5234454105146
SI,6,2,11265.965682272868
SI,6,2,664.5387937932496
SI,6,2,386.0891342563584
SK,0,-1,15929.787803929094
SK,0,-1,2544895.733539277
SK,0,-1,1665170.1523093586
SK,0,-1,636617.3636097787
SK,1,0,18.010100362858253
SK,1,0,410.1939068894904
SK,1,0,133.76366850369115
SK,1,0,4.015028778063532
SK,1,1,14.544686834525276
SK,1,1,916.5881614127288
SK,1,1,198.71724586186417
SK,1,1,2.607550873226252
SK,1,2,48.48785599522756
SK,1,2,12317.151897078738
SK,1,2,1174.1002591927604
SK,1,2,2.4321542233768048
SK,2,0,98.8045304394334
SK,2,0,2.006127468352316
SK,2,0,9.141942983347644
SK,2,1,8.048797530118714
SK,2,1,0.1916295582282903
SK,2,1,0.9438956851321888
SK,2,2,91.00511127240875
SK,2,2,0.7932488158601877
SK,2,2,0.4423434532887025
SK,6,0,0.0698650465296025
SK,6,0,28932.40121157849
SK,6,0,2245.5241273299366
SK,6,0,5139.960375793491
SK,6,1,747.858916090602
SK,6,1,133.15724424470147
SK,6,1,218.118543988313
SK,6,2,5064.613846903744
SK,6,2,190.07711573998472
SK,6,2,107.57853011703244
TR,0,-1,2203471.6953815334
TR,0,-1,56091719.85225327
TR,0,-1,10957012.428253006
TR,0,-1,9262743.765929325
TR,1,0,5399.797618623685
TR,1,0,285168.887714864
TR,1,0,3087.8906794883005
TR,1,0,964.2878355457316
TR,1,1,86847.98600850084
TR,1,1,1492.1861338763138
TR,1,1,592.0656480477935
TR,1,2,0.0032856203796027
TR,1,2,925893.56441772
TR,1,2,19419.78187251292
TR,1,2,2762.0087245518303
TR,2,0,6.834229000166357
TR,2,0,333.94722549611424
TR,2,0,383.4754350864197
TR,2,0,182.18337876701645
TR,2,1,0.00109478155478
TR,2,1,166.5331065741062
TR,2,1,118.10152432652582
TR,2,1,30.54355473830549
TR,2,2,0.0234693861119556
TR,2,2,1390.6747887144063
TR,2,2,206.719436774076
TR,2,2,41.63708770508803
TR,3,0,759.3223425092158
TR,3,0,312220.7558120232
TR,3,0,534.1630074192958
TR,3,0,1806.5604045023256
TR,3,1,0.0088330230332392
TR,3,1,31323.685333510137
TR,3,1,253.4664403649614
TR,3,1,383.1303764823151
TR,3,2,0.0408139007270719
TR,3,2,146031.81160929654
TR,3,2,440.9358431154194
TR,3,2,767.1202114581331
TR,4,0,15.718894957333529
TR,4,0,72150.72424060466
TR,4,0,8.137795363305798
TR,4,0,21.18473825226617
TR,4,1,0.0048828991121442
TR,4,1,3798.1273327508616
TR,4,1,2.2484124457337127
TR,4,1,3.384255452899484
TR,4,2,0.0054119639541005
TR,4,2,1337.086853638806
TR,4,2,8.580468699871298
TR,4,2,8.802619968054426
TR,5,0,520.1264372028862
TR,5,0,4229.371807780572
TR,5,0,3.513717313937431
TR,5,0,22.30864121603438
TR,5,1,0.001853461112
TR,5,1,2189.77989291495
TR,5,1,0.5251791258398544
TR,5,1,2.7852328295984434
TR,5,2,0.0034466484829073
TR,5,2,449.37031583752383
TR,5,2,1.1659285141011426
TR,5,2,5.596951769531047
TR,6,0,0.5882270531712578
TR,6,0,23971.22262274948
TR,6,0,12654.544106268451
TR,6,0,13150.131482940244
TR,6,1,2838.745725252395
TR,6,1,2685.526813135878
TR,6,1,1345.708271241091
TR,6,2,12709.226136649731
TR,6,2,5977.04276966509
TR,6,2,680.1809479855775
UK,-999,0,0.2990985016154277
UK,-999,0,2090.570705002428
UK,-999,0,50.0867716591304
UK,-999,0,1144.264324663818
UK,0,-1,1630548.245534504
UK,0,-1,14676427.56266792
UK,0,-1,1697779.7162997634
UK,0,-1,990571.6466019436
UK,1,0,14153.489048831234
UK,1,0,550.9036313035745
UK,1,0,70.77264406374357
UK,1,1,8746.025034364005
UK,1,1,588.5348352081965
UK,1,1,84.16480640920243
UK,1,2,0.007488348658965
UK,1,2,144750.7738635599
UK,1,2,2212.6360680053517
UK,1,2,138.03272837431203
UK,2,0,0.0546502950133381
UK,2,0,3993370.9483675393
UK,2,0,26351.15619634541
UK,2,0,8007.327083426167
UK,2,1,0.0007165452432461
UK,2,1,376063.0428390385
UK,2,1,7985.823270923759
UK,2,1,962.9401001895792
UK,2,2,0.0588193995184587
UK,2,2,1134343.902012077
UK,2,2,11706.357922502975
UK,2,2,586.4530401059483
UK,3,0,0.220352928334702
UK,3,0,33724.292178048294
UK,3,0,130.34904401051432
UK,3,0,37.60068210877066
UK,3,1,0.0040004961949432
UK,3,1,15902.010296927798
UK,3,1,112.79898866863024
UK,3,1,18.77421809135575
UK,3,2,0.0005793055511101
UK,3,2,88778.33272051104
UK,3,2,255.3008770929368
UK,3,2,19.043078865461705
UK,4,0,0.6281068533896551
UK,4,0,36.659752083554686
UK,4,0,0.016559099759391
UK,4,0,0.0140733125105142
UK,4,1,77.55763737249649
UK,4,1,0.126377268038924
UK,4,1,0.1129929076870151
UK,4,2,43.81990872684814
UK,4,2,0.0702713677842514
UK,4,2,0.2171443730673449
UK,5,0,38048.39084976912
UK,5,0,259500.3627950281
UK,5,0,413.9831431864839
UK,5,0,373.4613084722896
UK,5,1,70088.16568129334
UK,5,1,137.747473516443
UK,5,1,162.5858305823563
UK,5,2,0.0076490547138812
UK,5,2,20983.90209010674
UK,5,2,198.62404832781755
UK,5,2,122.40805140940402
UK,6,0,0.0063484164670588
UK,6,0,1188180.5922737338
UK,6,0,34692.80369192072
UK,6,0,32605.431383567357
UK,6,1,0.0013335005123744
UK,6,1,79581.0549168063
UK,6,1,11413.238504454615
UK,6,1,3069.0478300697696
UK,6,2,0.0037473436513674
UK,6,2,216765.22669986988
UK,6,2,6589.824792422421
UK,6,2,346.62103890571365
UK,7,0,291.33061019234185
UK,7,0,212.3790268000804
UK,7,0,0.0060905562845701
UK,7,0,0.2269012017109113
